{"luma":[0,0,0,0,0,0,0,0,0,0,0,0,0,0,0,0,0,0,0,0,0,0,0,0,0,0,0,0,0,0,0,0,0,0,0,0,0,0,0,0,0,0,0,0,0,0,0,0,0,0,0,0,0,0,0,0,0,0,0,0,0,0,0,0,0,0,0,0,0,0,0,0,0,0,0,0,0,0,0,0,0,0,0,0,0,0,0,0,0,0,0,0,0,0,0,0,0,0,0,0,0,0,0,0,0,0,0,0,0,0,0,0,0,0,0,0,0,0,0,0,0,0,0,0,0,0,0,0,0,0,0,0,0,0,0,0,0,0,0,0,0,0,0,0,0,0,0,0,0,0,0,0,0,0,0,0,0,0,0,0,0,0,0,0,0,0,0,0,0,0,0,0,0,0,0,0,0,0.0014427516158818,0.0024045860264697,0.0016030573509798,0.0039542081324168,0.0055216419867082,0.0051238462736873,0.0048586491316733,0.0061246026528792,0.011296826514662,0.021958733835259,0.024738417201346,0.033805297524812,0.052834648950059,0.084276654240021,0.1052379911,0.1119984575939,0.12660469656768,0.14499869891216,0.17745988976415,0.22507021275136,0.25103942161263,0.29720725983778,0.38713863490571,0.44420738171922,0.55727629695409,0.65862510286321,0.76225976386633,0.94821241875484,1.3722731914506,1.92044667057,2.7129501349506,3.6380424722386,4.7640620175035,6.3270108740882,8.1148793638889,9.3731582647533,10.734286950279,11.11365898255,9.7175085737773,7.6628381258238,5.5774530257108,3.8279511399476,2.560623936327,1.7085253758339,1.1390169172226,0.75934461148172,0.50622974098782,0.33748649399188,0.22499099599459,0.14999399732972,0.099995998219816,0.06666399881321,0.044442665875474,0.029628443916982,0.019752295944655,0.013168197296437,0.0087787981976244,0.0058525321317496,0.0039016880878331,0.0026011253918887,0.0017340835945925,0.0011560557297283,0.00077070381981888,0.00051380254654592,0.00034253503103061,0.00022835668735374,0.00015223779156916,0.00010149186104611,6.7661240697405e-5,4.510749379827e-5,3.007166253218e-5,2.0047775021453e-5,1.3365183347636e-5,8.910122231757e-6,5.940081487838e-6,3.9600543252253e-6,2.6400362168169e-6,1.7600241445446e-6,1.1733494296964e-6],"red":[0,0,0,0,0,0,0,0,0,0,0,0,0,0,0,0,0,0,0,0,0,0,0,0,0,0,0,0,0,0,0,0,0,0,0,0,0,0,0,0,0,0,0,0,0,0,0,0,0,0,0,0,0,0,0,0,0,0,0,0,0,0,0,0,0,0,0,0,0,0,0,0,0,0,0,0,0,0,0,0,0,0,0,0,0,0,0,0,0,0,0,0,0,0,0,0,0,0,0,0,0,0,0,0,0,0,0,0,0,0,0,0,0,0,0,0,0,0,0,0,0,0,0,0,0,0,0,0,0,0,0,0,0,0,0,0,0,0,0,0,0,0,0,0,0,0,0,0,0,0,0,0,0,0,0,0,0,0,0,0,0,0,0,0,0,0,0,0,0,0,0,0,0,0,0,0,0,0,0,0,0,0,0,0,0,0,0,0,0,0,0,0,0,0.0014427516158818,0.0024045860264697,0.0016030573509798,0.0053969597482986,0.006483476397296,0.0043223175981974,0.0072097999131103,0.0091347881230523,0.011860865212229,0.023777511249519,0.028836438709282,0.0394228150952,0.068121673590706,0.09302525238457,0.1052993833995,0.11492488902534,0.13144115408707,0.16120776846802,0.19115143936649,0.22554140279096,0.25423905153746,0.28924108514316,0.29814825805481,0.331498654031,0.41288506759962,0.50032596381064,0.53986412361153,0.70039879708912,1.0209491518914,1.6819023893496,2.5798901432229,3.8364433826472,5.7590947574065,7.8358184809303,9.934463013141,11.333559367948,11.45113560818,10.383974985324,8.5024630096065,6.5786849426924,4.763790885156,3.2508836741298,2.1759122924485,1.4506081949657,0.96707212997712,0.64471475331808,0.42980983554538,0.28653989036359,0.19102659357573,0.12735106238382,0.084900708255878,0.056600472170586,0.037733648113724,0.025155765409149,0.016770510272766,0.011180340181844,0.0074535601212294,0.0049690400808196,0.0033126933872131,0.002208462258142,0.0014723081720947,0.00098153878139646,0.00065435918759764],"green":[0,0,0,0,0,0,0,0,0,0,0,0,0,0,0,0,0,0,0,0,0,0,0,0,0,0,0,0,0,0,0,0,0,0,0,0,0,0,0,0,0,0,0,0,0,0,0,0,0,0,0,0,0,0,0,0,0,0,0,0,0,0,0,0,0,0,0,0,0,0,0,0,0,0,0,0,0,0,0,0,0,0,0,0,0,0,0,0,0,0,0,0,0,0,0,0,0,0,0,0,0,0,0,0,0,0,0,0,0,0,0,0,0,0,0,0,0,0,0,0,0,0,0,0,0,0,0,0,0,0,0,0,0,0,0,0,0,0,0,0,0,0,0,0,0,0,0,0,0,0,0,0,0,0,0,0,0,0,0,0,0,0,0,0,0,0,0,0,0,0,0,0,0,0,0,0,0,0,0,0,0,0,0,0.0014427516158818,0.0024045860264697,0.0016030573509798,0.0039542081324168,0.0040788903708264,0.0041620118630994,0.0056601778071632,0.0037734518714421,0.0082866410444887,0.015623688674165,0.02340055699238,0.025699632639426,0.040217114280393,0.067208454764953,0.085202681754659,0.10152708792878,0.11385277699407,0.14371117727582,0.14774650968896,0.19227652815829,0.22917696521725,0.2696475243646,0.33991044560595,0.40406541249076,0.48146142919513,0.60375360284292,0.7502055413228,0.95748928978307,1.3337324720437,1.8038595058316,2.5327899937307,3.3462482691354,4.263669206201,6.0294844569503,7.4202218632669,8.3214106050588,9.76188454003,10.774139554849,10.388553793722,8.7248137941527,6.5350328341443,4.5312615016179,3.0641235495551,2.0456345362685,1.3651991091282,0.91013273941879,0.60675515961253,0.40450343974169,0.26966895982779,0.17977930655186,0.11985287103457,0.079901914023049,0.053267942682033,0.035511961788022,0.023674641192015,0.01578309412801,0.010522062752006,0.0070147085013376,0.0046764723342251,0.0031176482228167,0.0020784321485445,0.001385621432363,0.00092374762157533,0.00061583174771688,0.00041055449847792,0.00027370299898528,0.00018246866599019,0.00012164577732679,8.1097184884528e-5,5.4064789923019e-5,3.6043193282012e-5,2.4028795521342e-5,1.6019197014228e-5],"blue":[0,0,0,0,0,0,0,0,0,0,0,0,0,0,0,0,0,0,0,0,0,0,0,0,0,0,0,0,0,0,0,0,0,0,0,0,0,0,0,0,0,0,0,0,0,0,0,0,0,0,0,0,0,0,0,0,0,0,0,0,0,0,0,0,0,0,0,0,0,0,0,0,0,0,0,0,0,0,0,0,0,0,0,0,0,0,0,0,0,0,0,0,0,0,0,0,0,0,0,0,0,0,0,0,0,0,0,0,0,0,0,0,0,0,0,0,0,0,0,0,0,0,0,0,0,0,0,0,0,0,0,0,0,0,0,0,0,0,0,0,0,0,0,0,0,0,0,0,0,0,0,0,0,0,0,0,0.0014427516158818,0.0024045860264697,0.0016030573509798,0.0053969597482986,0.0050407247814142,0.0048032348034913,0.0089731629991881,0.0074248602820072,0.016491919781726,0.022536626114872,0.03522294003226,0.046565985875616,0.065670029364907,0.094276326132468,0.12921745841888,0.13375577560335,0.15409433978358,0.2787452569933,0.37771613624115,0.43936846755873,0.48047002177046,0.57856588708982,0.632421117709,0.67409561125198,0.76968793289375,0.865156682871,1.0269096260691,1.4449365189491,1.827499230546,2.3508928388312,3.1037923634683,3.8957184546852,4.8348533926895,6.4304724372316,7.9760975066308,8.7410479222414,9.8281155123345,10.183482825398,9.0584368420471,7.1989301938671,5.2854940904635,3.6462966143256,2.4452919257092,1.6301946171395,1.0867964114263,0.72453094095089,0.48302062730059,0.32201375153373,0.21467583435582,0.14311722290388,0.09541148193592,0.063607654623946,0.042405103082631,0.028270068721754,0.018846712481169,0.012564474987446,0.0083763166582975,0.0055842111055316,0.0037228074036878,0.0024818716024585,0.0016545810683057,0.0011030540455371,0.00073536936369141,0.00049024624246094,0.00032683082830729,0.00021788721887153,0.00014525814591435,9.6838763942902e-5,6.4559175961934e-5,4.303945064129e-5,2.8692967094193e-5,1.9128644729462e-5,1.2752429819641e-5,8.5016198797609e-6,5.6677465865073e-6,3.7784977243382e-6,2.5189984828921e-6,1.6793323219281e-6,1.1195548812854e-6,7.4636992085692e-7,4.9757994723795e-7,3.317199648253e-7,2.2114664321687e-7,1.4743109547791e-7,9.8287396985274e-8,6.5524931323516e-8,4.3683287549011e-8,2.912219169934e-8,1.9414794466227e-8,1.2943196310818e-8,8.6287975405453e-9,5.7525316936969e-9,3.8350211291313e-9,2.5566807527542e-9,1.7044538351694e-9,1.1363025567796e-9,7.5753503785309e-10,5.0502335856872e-10,3.3668223904582e-10,2.2445482603054e-10]}