{"luma":[0,0,0,0,0,0,0,0,0,0,0,0,0,0,0,0,0,0,0,0,0,0,0,0,0,0,0,0,0,0,0,0,0,0,0,0,0,0,0,0,0,0,0,0,0,0,0,0,0,0,0,0,0,0,0,0,0,0,0,0,0,0,0,0,0,0,0,0,0,0,0,0,0,0,0,0,0,0,0,0,0,0,0,0,0,0,0,0,0,0,0,0,0,0,0,0,0,0,0,0,0,0,0,0,0,0,0,0,0,0,0,0,0,0,0,0,0,0,0,0,0,0,0,0,0,0,0,0,0,0,0,0,0.0025648917615677,0.0017099278410451,0.0011399518940301,0.0058897514524887,0.0039265009683258,0.0051825590737849,0.0034550393825232,0.0023033595883488,0.0015355730588992,0.0087183906573025,0.0058122604382016,0.0038748402921344,0.002583226861423,0.0017221512409486,0.0037129925888668,0.0050402201541455,0.0084899302925657,0.010789737051512,0.0071931580343416,0.012490113974264,0.010891634411077,0.0072610896073847,0.0048407264049231,0.0057920426981831,0.0064262535603564,0.017108627848076,0.016535535421853,0.013588582042803,0.014188838218337,0.014589009002027,0.017420681286054,0.021873354570307,0.02997158694961,0.02767573325111,0.031274947641912,0.028544640379311,0.029289327299144,0.032350677007268,0.031826685051116,0.036607140603483,0.042359002733296,0.059018036294342,0.057299599860535,0.05615397557133,0.065649793091465,0.084804796912726,0.11296415002964,0.1060881344919,0.13997750055693,0.15487573598224,0.15454832588618,0.15433005248881,0.16187921217526,0.1797364441074,0.18907637363393,0.21325723564925,0.20629378447203,0.19139191664094,0.20454136394099,0.22100233742573,0.22171675270261,0.2042387872229,0.23618997018307,0.24723119177691,0.23407287208027,0.23043044247231,0.24339150663641,0.28024602545638,0.24582319415365,0.2562182328522,0.26058336688967,0.27888280681739,0.27825797462803,0.27784141983512,0.31860198482493,0.36116504538755,0.41518933671163,0.41016726274261,0.45555215689971,0.49863321181228,0.5299188068489,0.59437903015329,0.65274186292563,0.7378184698154,0.9073914452509,1.0537836884416,1.2334550536056,1.4609614177007,1.5459451412967,1.6744179263513,1.9011354966072,2.2600367761315,2.809656198964,3.9865749441745,5.2764711180102,6.180005060514,6.6259026247276,7.9362999133559,8.1096826548668,7.2198335786729,6.1777448029359,5.1598425904871,4.2760497745958,3.6124727029161,2.8546063017902,1.9902771877534,1.334546133787,0.89482720604779,0.5991163624601,0.39941090830673,0.26627393887115,0.17751595924744,0.11834397283162,0.078895981887749,0.052597321258499,0.035064880839,0.023376587226,0.015584391484,0.010389594322667,0.006926396215111,0.0046175974767407,0.0030783983178271,0.0020522655452181,0.0013681770301454],"red":[0,0,0,0,0,0,0,0,0,0,0,0,0,0,0,0,0,0,0,0,0,0,0,0,0,0,0,0,0,0,0,0,0,0,0,0,0,0,0,0,0,0,0,0,0,0,0,0,0,0,0,0,0,0,0,0,0,0,0,0,0,0,0,0,0,0,0,0,0,0,0,0,0,0,0,0,0,0,0,0,0,0,0,0,0,0,0,0,0,0,0,0,0,0,0,0,0,0,0,0,0,0,0,0,0,0,0,0,0,0,0,0,0,0,0,0,0,0,0,0,0,0,0,0,0,0,0,0,0,0,0,0,0,0,0.0025648917615677,0.0017099278410451,0.0011399518940301,0.00075996792935338,0.0030715370478032,0.0046125831267698,0.0056399471794142,0.0037599647862761,0.0025066431908508,0.0068008789837025,0.007098811084036,0.0047325407226907,0.0031550271484604,0.002103351432307,0.0014022342882046,0.0034997146203708,0.0048980348418148,0.0032653565612099,0.0098715796588429,0.0091459448674629,0.011227080101444,0.012614503590765,0.0084096690605097,0.0056064460403398,0.0063025224551275,0.009331465159887,0.013915652057961,0.016971776656677,0.011314517771118,0.012672795370547,0.011013422008599,0.012472064862201,0.021139168715973,0.021787454428685,0.024784536665394,0.029347483251434,0.02982455588056,0.025012820776842,0.026934780897499,0.025651195883035,0.027360364301628,0.020805134629319,0.021564765037583,0.027200968832893,0.041218005076038,0.053127587666369,0.058502417631688,0.067215421131703,0.070459198370145,0.077751500052242,0.090307709791676,0.11406786685404,0.14273243037012,0.17210170642711,0.18911633203687,0.15942114759162,0.14988392500773,0.17173958599572,0.18631002665437,0.20628322080641,0.24268270942855,0.21052141642215,0.20190501322573,0.20642031147438,0.23764431968406,0.20716248992582,0.1945359453717,0.2168969501411,0.25488831250815,0.24687229451913,0.22870382371861,0.23454575218257,0.26152439701266,0.27694526847114,0.25644714830466,0.28382000304541,0.31232813991886,0.34415802330899,0.38333218790005,0.44535678228938,0.47131716131285,0.4911889724234,0.49930706297397,0.57397120090334,0.67504512808761,0.83476384962689,1.0181897501668,1.2918022977925,1.5485925239618,1.8634199467225,2.1938548080232,2.5269999530661,3.0850975371933,4.513897999044,6.4410905096736,7.7284504085215,9.1201878274928,9.1400410898788,8.0247242230463,6.7861555351754,5.6347018228757,4.5797981373804,3.8303609620086,3.0101247082314,2.1119103677119,1.4207647039491,0.95230625282254,0.63743572697659,0.4275220430793,0.2850146953862,0.19000979692413,0.12667319794942,0.084448798632947,0.056299199088632,0.037532799392421,0.025021866261614,0.016681244174409,0.011120829449606,0.0074138862997375,0.0049425908664917,0.0032950605776611,0.0021967070517741],"green":[0,0,0,0,0,0,0,0,0,0,0,0,0,0,0,0,0,0,0,0,0,0,0,0,0,0,0,0,0,0,0,0,0,0,0,0,0,0,0,0,0,0,0,0,0,0,0,0,0,0,0,0,0,0,0,0,0,0,0,0,0,0,0,0,0,0,0,0,0,0,0,0,0,0,0,0,0,0,0,0,0,0,0,0,0,0,0,0,0,0,0,0,0,0,0,0,0,0,0,0,0,0,0,0,0,0,0,0,0,0,0,0,0,0,0,0,0,0,0,0,0,0,0,0,0,0,0,0,0,0,0,0,0,0.0025648917615677,0.0017099278410451,0.0011399518940301,0.00075996792935338,0.00050664528623559,0.0029026552857247,0.0044999952853841,0.0055648886184904,0.0037099257456603,0.0050381755920078,0.0033587837280052,0.0048040809135712,0.0057676123706151,0.0038450749137434,0.0025633832758289,0.001708922183886,0.0037041732174916,0.0050343405732287,0.0033562270488192,0.0099321599839158,0.0091863317508448,0.011254004690365,0.012632453316712,0.0084216355444748,0.0056144236963165,0.0037429491308777,0.010189974705288,0.011923099993327,0.018208300375156,0.01213886691677,0.015787253229217,0.010524835486144,0.012146340513898,0.018357127388869,0.025062543733751,0.026967929535438,0.033367970259698,0.032504880552736,0.026799703891626,0.022996252784219,0.02559040223575,0.032449618726573,0.029327754435752,0.037506078621475,0.04295829474529,0.056852672540771,0.060985807547956,0.066306122647647,0.077547674665478,0.092736717962068,0.10542763858803,0.13697227819278,0.15287225440614,0.15064777974055,0.15685947191485,0.16613038355419,0.16974609955218,0.19011081921515,0.19342773194419,0.19820389885846,0.20908268541933,0.20351075098541,0.22031526212201,0.22638848602327,0.2099181678649,0.22971665689814,0.22239651549442,0.23034088003311,0.21511798896636,0.24087787958381,0.23753200590291,0.24812588225681,0.25518846649274,0.26246174774493,0.27757016895933,0.27225309919952,0.3174413294961,0.35013170812205,0.40783377853464,0.44117204195322,0.47365711794522,0.49274894351165,0.53112574483828,0.59261876371798,0.63361410963778,0.68146347434352,0.82365339656142,1.013347673218,1.2270168442157,1.4925777627695,1.702961968039,1.8098745119849,2.0709515316383,2.4091559508141,2.9654966008403,4.4033853403365,6.2725144086906,7.5955472071069,9.016196342647,8.9270794946671,7.8288870992456,6.5555666739405,5.4399376472007,4.4525202453586,3.7198601163784,2.9133734519572,2.0294552878648,1.3606648671945,0.91223969498617,0.61072468841901,0.40714979227934,0.27143319485289,0.18095546323526,0.12063697549018,0.080424650326783,0.053616433551189,0.035744289034126,0.023829526022751,0.015886350681834,0.010590900454556,0.0070606003030372,0.0047070668686915,0.0031380445791277],