{"luma":[0,0,0,0,0,0,0,0,0,0,0,0,0,0,0,0,0,0,0,0,0,0,0,0,0,0,0,0,0,0,0,0,0,0,0,0,0,0,0,0,0,0,0,0,0,0,0,0,0,0,0,0,0,0,0,0,0,0,0,0,0,0,0,0,0,0,0,0,0,0,0,0,0,0,0,0,0,0,0,0,0,0,0,0,0,0,0,0,0,0,0,0,0,0,0,0,0,0,0,0,0,0,0,0,0,0,0,0,0,0,0,0,0,0,0,0,0,0,0,0,0,0,0,0,0,0,0,0,0,0,0,0,0,0.0013185132444655,0.00087900882964369,0.00058600588642913,0.0017091838354183,0.0024579691347444,0.0016386460898296,0.0010924307265531,0.0020468003955009,0.0026830468414662,0.0031072111387763,0.0020714740925175,0.0026994959728106,0.0044366904708048,0.0042763068916687,0.0054878977500436,0.010251164722357,0.010789649548301,0.011148639432264,0.015343505754969,0.026051162770233,0.030552574291477,0.026960949083312,0.024566532277869,0.029562820629902,0.024982600064463,0.03511425213216,0.036594633866095,0.040218581510983,0.054501165807765,0.066659915161218,0.066854668596726,0.070940043953795,0.098715379170019,0.11459524282524,0.13045587157325,0.13443705784959,0.15555036745634,0.16698888070524,0.16934050322664,0.17881933104104,0.20096070851756,0.20121798114611,0.21457462867647,0.21820500738552,0.24303998501413,0.27014474272226,0.28425904146095,0.30157965342021,0.32763037374883,0.35290860010137,0.35130156558055,0.35418574896673,0.40093798820268,0.41232844902633,0.41860357633096,0.45443131240123,0.52710145982663,0.533355800954,0.54939198090576,0.6128232973189,0.64324422239413,0.69648767022259,0.74253140806396,0.79168641871405,0.7980861609248,0.88014493715544,0.95330997339838,1.0508716542722,1.1541496589443,1.3113420494382,1.4464627810568,1.616972576715,1.7649271181766,1.9914592638641,2.1543473135226,2.3420501412962,2.5713479061248,2.7677240197445,2.9105080480245,3.1652375027915,3.2691314770795,3.3199349411824,3.4131370132519,3.4937309133874,3.5777859847671,3.6180005400867,3.5525143165205,3.5365456122768,3.436240908824,3.3865117787002,3.2571075584384,3.0376682405728,2.7410648521266,2.4338926605386,2.1420893253451,1.889539185793,1.6460171711571,1.4256545786433,1.224687140611,1.0076425141882,0.80625002706095,0.65089215706467,0.53017957155576,0.40355655099353,0.31782269070758,0.26989637656154,0.20893820908593,0.1669809175244,0.13109831034992,0.10190251925573,0.078483118792879,0.056277618928649,0.038836925863565,0.025891283909043,0.018579369183828,0.012386246122552,0.0082574974150345,0.0055049982766897,0.0036699988511265,0.002446665900751,0.0016311106005006,0.0010874070670004,0.00072493804466695],"red":[0,0,0,0,0,0,0,0,0,0,0,0,0,0,0,0,0,0,0,0,0,0,0,0,0,0,0,0,0,0,0,0,0,0,0,0,0,0,0,0,0,0,0,0,0,0,0,0,0,0,0,0,0,0,0,0,0,0,0,0,0,0,0,0,0,0,0,0,0,0,0,0,0,0,0,0,0,0,0,0,0,0,0,0,0,0,0,0,0,0,0,0,0,0,0,0,0,0,0,0,0,0,0,0,0,0,0,0,0,0,0,0,0,0,0,0,0,0,0,0,0,0,0,0,0,0,0,0,0,0,0,0,0,0,0.0013185132444655,0.00087900882964369,0.00058600588642913,0.00039067059095275,0.0015789603051007,0.0010526402034005,0.0020202733800659,0.0013468489200439,0.00089789928002927,0.00059859952001951,0.00039906634667968,0.0015845574755853,0.0023748848948558,0.002901769841036,0.0045715397162884,0.0043662063886578,0.0068663439925018,0.0085331023950645,0.013599814396836,0.018296135642483,0.02274552971738,0.023074765945046,0.018020203785629,0.023880088390609,0.023831138393866,0.0277540447961,0.026413775997527,0.030794316443007,0.040307242962321,0.0426936542418,0.044284595094787,0.053256301796904,0.073741085287437,0.099264226814648,0.1030945220548,0.1096035919483,0.13899472352214,0.15199624501571,0.1461602803223,0.15545476963802,0.15242150313724,0.15567337844791,0.18289304696654,0.21422462509028,0.22192721139479,0.22310672919773,0.23707820684434,0.25166657825328,0.2679847254149,0.29073010938951,0.32171585763949,0.34369153638395,0.349112396169,0.35008927620343,0.36656268849331,0.38413752957555,0.4169503022085,0.45728466938631,0.47758168128253,0.49902410201346,0.52518566836761,0.58481913642661,0.63644140099946,0.67481178378143,0.67929582705796,0.73502571902093,0.76558641410725,0.79914534327612,0.86766592627833,0.91466482819093,1.0527970022677,1.1897145686307,1.3284594230068,1.4565558501915,1.619745749738,1.7878721121033,1.9988448470151,2.1803672475348,2.4582852573059,2.6409269039978,2.849709875927,2.9691208252129,3.1805794491834,3.2688113353851,3.4133359537431,3.5518781231381,3.6481951091347,3.6438437444203,3.5961133842989,3.5550635515067,3.5487932082233,3.4773688039,3.2952641834156,3.1224390865586,2.8331786070511,2.5691385721783,2.2757642035056,2.0168926553229,1.7493786695995,1.5657619594727,1.3695140776981,1.1819860870031,0.98444919809407,0.78287673686474,0.63399145035606,0.5083643277943,0.40483521408615,0.33317877845844,0.26826714919526,0.21180759724181,0.17548640918398,0.13676863812297,0.1056827377711,0.079684751225325,0.059715733705878,0.047721568604045,0.031814379069363,0.021209586046242,0.014139724030828,0.0094264826872188,0.0062843217914792,0.0041895478609861],"green":[0,0,0,0,0,0,0,0,0,0,0,0,0,0,0,0,0,0,0,0,0,0,0,0,0,0,0,0,0,0,0,0,0,0,0,0,0,0,0,0,0,0,0,0,0,0,0,0,0,0,0,0,0,0,0,0,0,0,0,0,0,0,0,0,0,0,0,0,0,0,0,0,0,0,0,0,0,0,0,0,0,0,0,0,0,0,0,0,0,0,0,0,0,0,0,0,0,0,0,0,0,0,0,0,0,0,0,0,0,0,0,0,0,0,0,0,0,0,0,0,0,0,0,0,0,0,0,0,0,0,0,0,0,0,0,0.0013185132444655,0.00087900882964369,0.0019045191308947,0.0012696794205964,0.0021649661915298,0.0014433107943532,0.00096220719623548,0.0032784979530881,0.0021856653020587,0.0040941366903036,0.0027294244602024,0.0031381295512671,0.0047291128564425,0.0057897683932261,0.0051783588399496,0.0074077789600297,0.010212572284549,0.019993513967688,0.017284549045189,0.024708165141448,0.030975755783419,0.031198609811337,0.02607312618542,0.027930190079338,0.034442285653145,0.030872603235557,0.037722407668423,0.048881510179328,0.060276451586662,0.06523605270262,0.065905426957661,0.072944242683349,0.098732998411923,0.12911063467563,0.13090320676225,0.15055744024251,0.15574918309589,0.15921034499815,0.18393251142223,0.19250287623816,0.1758017276262,0.2015859993966,0.21481997417679,0.24210180945278,0.25106010692551,0.27549149066318,0.29837164604396,0.31494359620894,0.32994710271899,0.34786051985915,0.34661766550794,0.38007044029656,0.39314269744439,0.41899820772099,0.43623521457206,0.46618573789529,0.51120450508896,0.55440214899605,0.57792652528959,0.6094316017522,0.6423016052608,0.70113331177823,0.74035444945652,0.77968700702004,0.87183437428566,0.91612528028469,0.991800514507,1.0448876971441,1.1818046720594,1.3456008837819,1.4956722688419,1.7025194316837,1.8193213283334,2.0250850441464,2.2242309771782,2.3227135881767,2.5690049766675,2.7477028813504,2.915619807851,3.1224973791195,3.268326839432,3.3523613471957,3.3780585477487,3.4492490578072,3.4400133283342,3.5208780494869,3.4561216715868,3.4116322397422,3.3476912741564,3.2931973445657,3.1764387502595,2.97202241592,2.7012565087582,2.43108700336,2.1375818607372,1.9168600140104,1.6589570036575,1.4698809912441,1.2370307435002,1.0251011754922,0.83502980677503,0.67271570336299,0.53813603619898,0.4273200461782,0.33630204731962,0.26771230194711,0.21539323880977,0.17919535014042,0.1379227521828,0.10908917363325,0.081955708466759,0.061229705200167,0.042138316711244,0.029410724385295,0.019607149590196,0.013071433060131,0.010032801951219,0.0066885346341463,0.0044590230894309,0.0029726820596206,0.0019817880397471],