{"luma":[0,0,0,0,0,0,0,0,0,0,0,0,0,0,0,0,0,0,0,0,0,0,0,0,0,0,0,0,0,0,0,0,0,0,0,0,0,0,0,0,0,0,0,0,0,0,0,0,0,0,0,0,0,0,0,0,0,0,0,0,0,0,0,0,0,0,0,0,0,0,0,0,0,0,0,0,0,0,0,0,0,0,0,0,0,0,0,0,0,0,0,0,0,0,0,0,0,0,0,0,0,0,0,0,0,0,0,0,0,0,0,0,0,0,0,0,0,0,0,0,0,0,0,0,0,0,0,0,0,0,0,0,0,0,0,0,0,0,0,0,0.0028577960676726,0.0076207895137936,0.0079383224102017,0.0052922149401345,0.003528143293423,0.0023520955289487,0.010141451888984,0.0067609679259891,0.007365108018332,0.010625664147567,0.018514960369068,0.015201102980385,0.012991864721262,0.017234631350526,0.017205346369029,0.034332599454067,0.051466360312771,0.065746663619579,0.075266865824118,0.084471463361483,0.082034473516709,0.10612997822925,0.12790924017295,0.15100213633844,0.16068180831342,0.18713949543711,0.18477338104587,0.18891156358705,0.24025288509827,0.24590247209569,0.27538902803636,0.30076232413215,0.2948154863213,0.3251444805928,0.33679042190412,0.32740760637229,0.31829459995007,0.34651281514733,0.3196002215294,0.30451628851846,0.29446033317783,0.32490771183049,0.31377020752119,0.30062961251299,0.32330497258525,0.34413747143543,0.30944327085179,0.29488719199904,0.27660975122753,0.26156699464551,0.25725408239285,0.26580999182843,0.24865156291077,0.2572171827727,0.29436335275839,0.32198526214985,0.31753749986945,0.28885216040679,0.28687537717106,0.28841531774824,0.3208777015441,0.37395504748573,0.39219316837412,0.37291615888864,0.35434922709632,0.36483364110948,0.41754798753435,0.46983766155696,0.484692871765,0.56604124692884,0.58026435209065,0.6754803042287,0.81040250734588,0.86034149780992,0.96222126374342,1.0901548251202,1.1983062345795,1.2989851348957,1.4889896326831,1.7013931799049,1.9287294267496,2.4003600842254,3.4921010529495,5.6345374189302,8.4431438302699,10.429859947203,11.308521171935,9.5623337305357,6.8950080380069,4.6538279466914,3.1054097605286,2.0702731736857,1.3801821157905,0.92012141052699,0.61341427368466,0.40894284912311,0.27262856608207,0.18175237738805,0.12116825159203,0.080778834394688,0.053852556263125,0.035901704175417,0.023934469450278,0.015956312966852,0.010637541977901,0.0070916946519342,0.0047277964346228,0.0031518642897485,0.0021012428598323,0.0014008285732216,0.00093388571548104,0.00062259047698736,0.00041506031799157,0.00027670687866105,0.0001844712524407,0.00012298083496047],"red":[0,0,0,0,0,0,0,0,0,0,0,0,0,0,0,0,0,0,0,0,0,0,0,0,0,0,0,0,0,0,0,0,0,0,0,0,0,0,0,0,0,0,0,0,0,0,0,0,0,0,0,0,0,0,0,0,0,0,0,0,0,0,0,0,0,0,0,0,0,0,0,0,0,0,0,0,0,0,0,0,0,0,0,0,0,0,0,0,0,0,0,0,0,0,0,0,0,0,0,0,0,0,0,0,0,0,0,0,0,0,0,0,0,0,0,0,0,0,0,0,0,0,0,0,0,0,0,0,0,0,0,0,0,0,0,0,0,0,0,0,0,0,0,0,0,0,0,0,0,0,0,0,0,0,0,0,0,0,0,0,0,0,0,0,0,0,0,0,0,0,0,0,0,0,0,0,0,0,0,0.0028577960676726,0.0019051973784484,0.0041279276533049,0.0027519517688699,0.0046924305802526,0.01170167525652,0.0078011168376797,0.0080585406261257,0.013945748620435,0.012154961814629,0.0081033078764195,0.011117797386292,0.021700845262557,0.028756210513401,0.042033175550315,0.050884485574924,0.068216543195354,0.06834006400495,0.074138003346693,0.078003296241188,0.10630032277991,0.13945398747741,0.1701298188121,0.18486478089988,0.20326147716142,0.22124153347113,0.2332282376776,0.20978361707084,0.23987860708244,0.28851989443356,0.32380521540198,0.37019113125564,0.38968389088739,0.38839008363686,0.39610093367286,0.39838370429585,0.39704775531018,0.41044610299142,0.40794715050823,0.43200134679515,0.46232645799146,0.44253405384159,0.42076572953865,0.42625808581041,0.45563982126729,0.47522764490522,0.47971280579415,0.47984511698577,0.47707552837917,0.50094930058383,0.52829633299096,0.52652311545533,0.54820333897297,0.5998081701978,0.74566543765358,0.83433022775442,0.99346295019019,1.2052898863179,1.3693702122778,1.6587982485144,1.9346263586347,2.9758505856833,4.7473891878949,7.6316613790356,10.566169314419,12.656824353188,11.429995384979,8.8659960088244,6.2221637772592,4.248132047208,2.8692393803518,1.9242574378385,1.28569608796,0.85998852137436,0.57332568091624,0.38221712061083,0.25481141374055],"green":[0,0,0,0,0,0,0,0,0,0,0,0,0,0,0,0,0,0,0,0,0,0,0,0,0,0,0,0,0,0,0,0,0,0,0,0,0,0,0,0,0,0,0,0,0,0,0,0,0,0,0,0,0,0,0,0,0,0,0,0,0,0,0,0,0,0,0,0,0,0,0,0,0,0,0,0,0,0,0,0,0,0,0,0,0,0,0,0,0,0,0,0,0,0,0,0,0,0,0,0,0,0,0,0,0,0,0,0,0,0,0,0,0,0,0,0,0,0,0,0,0,0,0,0,0,0,0,0,0,0,0,0,0,0.0028577960676726,0.0019051973784484,0.0041279276533049,0.0056097478365425,0.0037398318910284,0.0053510173283582,0.0035673448855721,0.0052360259913874,0.0034906839942582,0.0051849187305114,0.0063144085546802,0.0042096057031202,0.0056641998697527,0.020922909652537,0.016806402502698,0.016919860470477,0.011279906980318,0.018951122257569,0.032638653978754,0.036048082990866,0.046894423868625,0.068414298125494,0.082760880963407,0.083751881318997,0.084412548222724,0.096284177095899,0.12991876095374,0.14948402079129,0.15681193521431,0.164555007564,0.16971705579712,0.19030519769191,0.24689756663686,0.27319462832946,0.26500583818215,0.26526223688595,0.28257994576119,0.30269847321436,0.29896404844378,0.29933222799773,0.29100429283067,0.29688352032333,0.29222961711542,0.30627379138284,0.28134302141572,0.28472708057802,0.27269413968118,0.29325013976002,0.27837617913585,0.26560240931874,0.28852231951839,0.27522429897476,0.27779013621637,0.26806951010675,0.25873129663267,0.22107006423888,0.22168274058541,0.21351780328008,0.2280790842169,0.21778203236773,0.22806410754099,0.24635000859386,0.2556828132281,0.25047349871356,0.26414739877658,0.25040096361054,0.2355210813645,0.24846352840853,0.27995419497925,0.28951678842238,0.31303862712384,0.30299968831576,0.33345841132344,0.31375508171449,0.32348189718323,0.3356820329644,0.34953104895386,0.39019948302457,0.40302279206668,0.44300742150581,0.47252163719958,0.54078031414585,0.60914846731809,0.69759417711466,0.73655341117201,0.76538402994458,0.80460901493333,0.89363051841463,1.0101341087556,1.0992343532536,1.1929280690644,1.2382437698655,1.4199174286529,1.5839001421929,1.9046988602274,2.427206647559,3.5014253736356,5.0177540899683,6.6544972396771,7.7456593394829,8.7674537343238,9.5515306559872,8.1995343833696,5.917888034272,3.9909834265974,2.666371209867,1.777580806578,1.185053871052,0.79003591403466,0.52669060935644,0.35112707290429,0.23408471526953,0.15605647684635,0.1040376512309,0.069358434153934,0.046238956102623,0.030825970735082,0.020550647156721,0.013700431437814,0.0091336209585428,0.0060890806390285,0.0040593870926857,0.0027062580617905],