{"luma":[0,0,0,0,0,0,0,0,0,0,0,0,0,0,0,0,0,0,0,0,0,0,0,0,0,0,0,0,0,0,0,0,0,0,0,0,0,0,0,0,0,0,0,0,0,0,0,0,0,0,0,0,0,0,0,0,0,0,0,0,0,0,0,0,0,0,0,0,0,0,0,0,0,0,0,0,0,0,0,0,0,0,0,0,0,0,0,0,0,0,0,0,0,0,0,0,0,0,0,0,0,0,0,0,0,0,0,0,0,0,0,0,0,0,0,0,0,0,0,0,0,0,0,0,0,0,0,0,0,0,0,0,0,0,0,0,0,0,0,0,0,0,0,0,0,0,0,0,0,0,0,0,0,0,0,0,0,0,0,0,0.0058229248551547,0.0067934123310139,0.0074404039815866,0.0078717317486351,0.0081592835933341,0.0054395223955561,0.012360735546436,0.016974877647023,0.014228047525593,0.024042677154949,0.027674301146942,0.04174123351858,0.036561876295119,0.044754821189788,0.044393859597745,0.049976143391538,0.062432053203466,0.079470380360817,0.076271952994497,0.071228205656039,0.09115740685102,0.084063303987966,0.076422439651685,0.094620229514784,0.10092916456836,0.11386950855348,0.12831932939871,0.13795254329553,0.13564029861068,0.13992172700927,0.15442186231864,0.16408861919155,0.16762166134591,0.18162287249247,0.16766531383622,0.16709466201478,0.17253715232231,0.17325401676642,0.16790900154067,0.16725712048442,0.16973399554116,0.16556232072383,0.16569266660653,0.16577956386165,0.20950943177873,0.2241053649189,0.25130476157781,0.28690646724921,0.27279192613831,0.28376246905741,0.31145640132986,0.28333562400358,0.30534891310548,0.34622760102161,0.42297492090118,0.42464493955208,0.42866974774692,0.48375927690654,0.52048562967962,0.56535010185472,0.59817121239903,0.70739582558922,0.7773007719551,0.85593015623571,0.91417267061127,1.0054073372247,1.0953450725761,1.329991308465,1.4776877451082,1.6343812847552,2.0183440375673,2.3849547783567,2.8826591700821,3.9830881787795,5.6629328068738,7.8920964105103,10.47291535237,11.072548278993,9.6439051588897,7.4337246434406,5.31683776998,3.6668399352783,2.4824089684107,1.6578507747014,1.1052338498009,0.73682256653394,0.49121504435596,0.32747669623731,0.21831779749154,0.14554519832769,0.097030132218461,0.064686754812308,0.043124503208205,0.02874966880547,0.019166445870313,0.012777630580209],"red":[0,0,0,0,0,0,0,0,0,0,0,0,0,0,0,0,0,0,0,0,0,0,0,0,0,0,0,0,0,0,0,0,0,0,0,0,0,0,0,0,0,0,0,0,0,0,0,0,0,0,0,0,0,0,0,0,0,0,0,0,0,0,0,0,0,0,0,0,0,0,0,0,0,0,0,0,0,0,0,0,0,0,0,0,0,0,0,0,0,0,0,0,0,0,0,0,0,0,0,0,0,0,0,0,0,0,0,0,0,0,0,0,0,0,0,0,0,0,0,0,0,0,0,0,0,0,0,0,0,0,0,0,0,0,0,0,0,0,0,0,0,0,0,0,0,0,0,0,0,0,0,0,0,0,0.0058229248551547,0.0038819499034365,0.0054994290298684,0.009489210875067,0.006326140583378,0.0042174270555853,0.0086345428922116,0.020313674066028,0.031011223942816,0.023585611722788,0.024458128431258,0.025039806236904,0.031250516295823,0.029568064813281,0.031357892919163,0.050019886221883,0.062461215090362,0.067843971908438,0.077255401308976,0.07479530029327,0.067332308094311,0.074002829671981,0.084272768912249,0.076562082934541,0.080156012898801,0.09128635349104,0.10161804298011,0.096859986262514,0.090776486023205,0.11583544347277,0.10051532840247,0.11359361777622,0.11940101493114,0.12327261303442,0.13167660329176,0.14601365074606,0.15848314480983,0.14059297900415,0.1490464387934,0.14012476651502,0.13999990985125,0.14573959693056,0.12918581799039,0.1327072775015,0.12049760503768,0.12400367310545,0.12925251424487,0.126928816816,0.13993699733463,0.15152058010797,0.15924296862353,0.18186000219936,0.18529217487294,0.20504906455413,0.19492862492097,0.17653581545522,0.18756564189867,0.18909593467248,0.20758490442049,0.19953064725945,0.18251529277511,0.17699464797405,0.17913714296182,0.21259155965702,0.2086913422723,0.18862242278368,0.19562338011764,0.20029068500695,0.2325168458756,0.25982387797652,0.29840880303684,0.3357779361207,0.36942507879267,0.40350235695096,0.47571540365863,0.53550328450739,0.55498163474685,0.6407537622626,0.71831541759947,0.81369512423771,0.89766183232291,1.0264261984025,1.0744200975637,1.2374318395788,1.3664865712486,1.4961949954421,1.6787455383478,1.9896909580775,2.5725665577215,3.453187441078,4.8729462842695,7.2344229195331,9.2541944277948,10.900589396676,10.306626372175,8.329726924333,6.074303057425,4.2446033542644,2.8966992053438,1.9544245029832,1.305861131083,0.87639701224384],"green":[0,0,0,0,0,0,0,0,0,0,0,0,0,0,0,0,0,0,0,0,0,0,0,0,0,0,0,0,0,0,0,0,0,0,0,0,0,0,0,0,0,0,0,0,0,0,0,0,0,0,0,0,0,0,0,0,0,0,0,0,0,0,0,0,0,0,0,0,0,0,0,0,0,0,0,0,0,0,0,0,0,0,0,0,0,0,0,0,0,0,0,0,0,0,0,0,0,0,0,0,0,0,0,0,0,0,0,0,0,0,0,0,0,0,0,0,0,0,0,0,0,0,0,0,0,0,0,0,0,0,0,0,0,0,0,0,0,0,0,0,0,0,0,0,0,0,0,0,0,0,0,0,0.0029114624275774,0.0019409749517182,0.0012939833011455,0.0066855803892517,0.010279978447989,0.0068533189653262,0.0045688793102174,0.0088688443952997,0.017558412640509,0.017528533282161,0.014597151282351,0.027200208753698,0.029779322212775,0.040233118468225,0.041379391116704,0.030497723172046,0.037800590013495,0.048492092762949,0.06144268611774,0.067164952593356,0.076802721765589,0.077404976358589,0.071983554565434,0.085838047935462,0.083428527138504,0.0730877926578,0.080751281808551,0.097506124286028,0.10285309441586,0.10641774116908,0.10588270991031,0.11717187211478,0.12178651782351,0.13359733557874,0.12109097708917,0.13022217932827,0.14213257234281,0.14133844706978,0.14663195507625,0.14142657313116,0.14377924335625,0.15699353988329,0.15415722119101,0.16973511662829,0.14518283112221,0.1317261032124,0.14313518826557,0.1361839328298,0.13446122496686,0.14787006519612,0.17718952900867,0.18508998850673,0.20491427364332,0.19483876431376,0.20850199508709,0.24090251502327,0.22174238766131,0.21188043184757,0.26353504318996,0.26303390162063,0.26269980724108,0.29741462678563,0.29144321553956,0.31366543655705,0.31974586328597,0.35000264295345,0.36435090454328,0.38265079955257,0.4414341284,0.44277400273978,0.49607357599602,0.54325247454383,0.60381969785148,0.6616666212887,0.74390317332718,0.81328485349072,0.83915906994004,0.92919510826235,1.006687908376,1.1136675612424,1.2665082777922,1.4761261986458,1.7439758260282,1.9341880939935,2.212392318871,2.6191329466186,3.3008095674054,4.436542855983,6.1632153700847,8.7584157435642,10.99805525071,10.566671590845,8.3167568080814,6.0540104635469,4.1611998600838,2.8207166388971,1.892123608975,1.2643272017443,0.84288480116285,0.56192320077523,0.37461546718349,0.24974364478899,0.16649576319266,0.11099717546177],"blue":[0,0,0,0,0,0,0,0,0,0,0,0,0,0,0,0,0,0,0,0,0,0,0,0,0,0,0,0,0,0,0,0,0,0,0,0,0,0,0,0,0,0,0,0,0,0,0,0,0,0,0,0,0,0,0,0,0,0,0,0,0,0,0,0,0,0,0,0,0,0,0,0,0,0,0,0,0,0,0,0,0,0,0,0,0,0,0,0,0,0,0,0,0,0,0,0,0,0,0,0,0,0,0,0,0,0,0,0,0,0,0,0,0,0,0,0,0,0,0,0,0,0,0,0,0,0,0,0,0,0,0,0,0,0,0,0,0,0,0,0,0,0,0,0,0,0,0,0,0,0,0,0,0,0,0,0,0,0,0,0,0,0,0,0,0,0,0.0029114624275774,0.0048524373792956,0.0032349582528637,0.0021566388352425,0.001437759223495,0.0096928934317288,0.0093733913820632,0.014983314870774,0.012900339008094,0.01442315086055,0.02417274604492,0.016115164029947,0.013654905114209,0.014926194931294,0.033242496041482,0.062922138013738,0.065239791429777,0.072607818562292,0.08334276150579,0.090499390134788,0.089447551032299,0.12077241166732,0.13292126480794,0.14102050023502,0.17844607722309,0.1655474503233,0.19770883970952,0.22788415324973,0.27129272836383,0.29440885358474,0.2981737540217,0.33562123677727,0.37514353741887,0.41604904998449,0.46078816626037,0.46149961950185,0.5172917077868,0.53119473388949,0.5841353543716,0.67765834991123,0.72544970146643,0.83592008804781,0.93868163671118,1.0304810352407,1.1062379463983,1.2877583630776,1.5310533961555,1.7980627322668,2.0925274534441,2.5334001114788,3.4154306272059,4.4518161848709,5.617308265676,7.2269812404999,8.80377955702,8.62925275269,8.38479720299,7.4473778307877,6.1207691376067,4.889899313271,3.8160221991812,2.8468068919222,2.1104080184946,1.5699805749407,1.1252632021718,0.80840471666605,0.58260841419103,0.40296292159857,0.27446487258754,0.18297658172502,0.12780731267184,0.085204875114558,0.056803250076372,0.037868833384248,0.025245888922832,0.016830592615221,0.011220395076814,0.0074802633845428,0.0049868422563619,0.0033245615042413,0.0022163743361608,0.0014775828907739,0.00098505526051593,0.00065670350701062,0.00043780233800708,0.00029186822533805,0.00019457881689204,0.00012971921126136,8.6479474174238e-5,5.7652982782825e-5]}