{"luma":[0,0,0,0,0,0,0,0,0,0,0,0,0,0,0,0,0,0,0,0,0,0,0,0,0,0,0,0,0,0,0,0,0,0,0,0,0,0,0,0,0,0,0,0,0,0,0,0,0,0,0,0,0,0,0,0,0,0,0,0,0,0,0,0,0,0,0,0,0,0,0,0,0,0,0,0,0,0,0,0,0,0,0,0,0,0,0,0,0,0,0,0,0,0,0,0,0,0,0,0,0,0,0,0,0,0,0,0,0,0,0,0,0,0,0,0,0,0,0,0,0,0,0,0,0,0,0,0,0,0,0,0,0,0,0.0029666548000475,0.0049444246667458,0.0032962831111639,0.0021975220741092,0.0044316695161203,0.0088877559441751,0.0059251706294501,0.0098834233530617,0.0065889489020411,0.0043926326013607,0.0029284217342405,0.0049189359562078,0.0062459454375193,0.016030582825203,0.016620364816897,0.014046898011312,0.012331253474255,0.011187490449551,0.0074583269663674,0.013872182377721,0.021114740785337,0.020009803456986,0.019273178571419,0.030648714514564,0.032299095543233,0.03933265916244,0.046988356375292,0.060992118917336,0.067361305811985,0.059740811208227,0.060593791072484,0.093795647115843,0.10109694381118,0.13563102294188,0.16755370676249,0.15916894797575,0.17137903758488,0.18545240692439,0.20373461755088,0.2574559251692,0.26657023704765,0.26967979016657,0.33108592158014,0.37498999732256,0.46062582235174,0.49398313397082,0.49545475811654,0.52313573408078,0.5208231344566,0.53114802057401,0.51726469438529,0.54954231079347,0.57106072173225,0.59727294822497,0.59694783708649,0.55519792912684,0.55406455035417,0.53254238090539,0.53896085153987,0.57883968956343,0.64399209397975,0.66666044665696,0.83603873137757,0.91335773025741,1.1013698503128,1.3513107652851,1.749337116337,2.2104872338414,2.7611863391148,3.4012513175682,4.3085593808115,5.1003306753766,6.0019767098927,7.0391723218437,7.6475697287431,7.8099023064055,7.3781928512384,6.3160896449813,4.9464568203993,3.7337361358732,2.8095561423206,2.0747699546169,1.5137127809467,1.1011081527659,0.82900505544549,0.6179364425647,0.48315734357761,0.36363806291907,0.29582516168023,0.28324976365487,0.26893285537119,0.27422152384898,0.3044471960346,0.25636458375725,0.20650958010541,0.14657301780375,0.10068200000254,0.06712133333503,0.044747555556687,0.029831703704458,0.019887802469639,0.013258534979759,0.0088390233198393,0.0058926822132262,0.0039284548088175,0.002618969872545,0.00174597991503,0.00116398661002,0.00077599107334666,0.00051732738223111,0.00034488492148741,0.0002299232809916,0.00015328218732774,0.00010218812488516,6.8125416590105e-5,4.5416944393403e-5,3.0277962928935e-5,2.018530861929e-5,1.345687241286e-5,8.9712482752401e-6,5.9808321834934e-6,3.9872214556623e-6],"red":[0,0,0,0,0,0,0,0,0,0,0,0,0,0,0,0,0,0,0,0,0,0,0,0,0,0,0,0,0,0,0,0,0,0,0,0,0,0,0,0,0,0,0,0,0,0,0,0,0,0,0,0,0,0,0,0,0,0,0,0,0,0,0,0,0,0,0,0,0,0,0,0,0,0,0,0,0,0,0,0,0,0,0,0,0,0,0,0,0,0,0,0,0,0,0,0,0,0,0,0,0,0,0,0,0,0,0,0,0,0,0,0,0,0,0,0,0,0,0,0,0,0,0,0,0,0,0,0,0,0,0,0,0,0,0,0,0,0,0,0,0,0,0,0,0,0,0,0,0,0,0,0,0,0,0,0,0,0,0,0,0,0,0,0.0029666548000475,0.0019777698666983,0.0013185132444655,0.0038456636296912,0.0025637757531274,0.0076424934355132,0.008061650423723,0.0053744336158153,0.0065496105439243,0.0073330618293304,0.0048887078862202,0.0032591385908135,0.0051394138605898,0.0063929307071073,0.016128573004928,0.01668569160338,0.011123794402254,0.0074158629348357,0.0079105634232713,0.011207018548942,0.019337964899485,0.015858631399704,0.016505730533231,0.022870439555677,0.027113578903975,0.032908993269554,0.036772602846607,0.042314997364689,0.051943236643506,0.070228682029573,0.061652395353286,0.055934870902428,0.066956461935427,0.089137463290997,0.11579141672823,0.12762740941963,0.15628465481423,0.16945617547719,0.16340391525227,0.17123569430251,0.19129015433624,0.21059310395882,0.23829501104078,0.27752953269575,0.33038577366616,0.35375664844624,0.42273701803382,0.48652385989249,0.52608176633155,0.58212025195807,0.56904611077494,0.53956343305253,0.55254151737144,0.54339364478376,0.54026171785869,0.57080696937583,0.56743723198688,0.52959088279367,0.50435998333153,0.53797251529092,0.51291439312975,0.53477549075625,0.57308279424096,0.63422085416468,0.73727931158148,0.83268484305978,0.94968831711283,1.2116232307511,1.4752461505114,1.8052608132874,2.1884366024741,2.7375859538032,3.4596840973616,4.1784152437377,4.9572014761265,5.6988914077227,6.4603502941244,7.3714546045319,7.6080256281311,7.6233402134615,6.9868191906048,5.7941082488214,4.5569360557587,3.3464894697107,2.3140593142085,1.5694061026728,1.0462707351152,0.69751382341011,0.46500921560674,0.31593945333792,0.21062630222528,0.14041753481685,0.093611689877903],"green":[0,0,0,0,0,0,0,0,0,0,0,0,0,0,0,0,0,0,0,0,0,0,0,0,0,0,0,0,0,0,0,0,0,0,0,0,0,0,0,0,0,0,0,0,0,0,0,0,0,0,0,0,0,0,0,0,0,0,0,0,0,0,0,0,0,0,0,0,0,0,0,0,0,0,0,0,0,0,0,0,0,0,0,0,0,0,0,0,0,0,0,0,0,0,0,0,0,0,0,0,0,0,0,0,0,0,0,0,0,0,0,0,0,0,0,0,0,0,0,0,0,0,0,0,0,0,0,0,0,0,0,0,0,0,0,0,0,0,0,0,0,0,0,0,0,0,0,0,0.0029666548000475,0.0019777698666983,0.004285168044513,0.002856778696342,0.0048711739309421,0.0091807588873897,0.0061205059249265,0.0040803372832843,0.0086535344556178,0.0057690229704119,0.0038460153136079,0.0025640102090719,0.013575959339571,0.012017294359762,0.016911493973317,0.014240984115592,0.012460644210442,0.0083070961402948,0.0085047188935773,0.0056698125957182,0.0097131846639071,0.015375420842747,0.019150244961974,0.024633449174839,0.034222228250178,0.037648092833689,0.03993200255603,0.053321228237781,0.062247378692281,0.062264836061853,0.071176438708377,0.077117507139392,0.081078219426736,0.1044852778853,0.14085656712467,0.1680707480843,0.16544695179039,0.17259771866126,0.18329820617526,0.21119844811827,0.25946515741408,0.26197641561081,0.30815040974267,0.36859962049773,0.40889909433443,0.47729857742623,0.50213164922043,0.50088710161628,0.54159057041417,0.53312635867887,0.569016718056,0.57514369550713,0.59109496634141,0.58392921809731,0.55838546900091,0.57102285093712,0.53791460502726,0.49507585748703,0.53178309806125,0.52955469857696,0.54290237292101,0.61706722808476,0.6487105360603,0.77363899271233,0.92219103608139,1.1428585784627,1.4086364653855,1.8943538225389,2.4020979915775,2.9423266306731,3.6703442519428,4.6125541719965,5.3890268587014,6.3338736077114,7.4058030055919,7.7406907897728,7.9313161097595,7.4591353868078,6.192052047358,4.8103653022496,3.5569754679053,2.5730495050068,1.8221659094729,1.2978436073833,0.89786227438936,0.69054114839438,0.54936040959768,0.45820657186659,0.4389705139132,0.41131320127736,0.28904207485181,0.19566137136792,0.13044091424528,0.086960609496854,0.05797373966457,0.03864915977638,0.025766106517586,0.017177404345058,0.011451602896705,0.0076344019311367,0.0050896012874245,0.0033930675249497,0.0022620450166331,0.0015080300110887,0.0010053533407258,0.00067023556048388,0.00044682370698926,0.00029788247132617],