{"luma":[0,0,0,0,0,0,0,0,0,0,0,0,0,0,0,0,0,0,0,0,0,0,0,0,0,0,0,0,0,0,0,0,0,0,0,0,0,0,0,0,0,0,0,0,0,0,0,0,0,0,0,0,0,0,0,0,0,0,0,0,0,0,0,0,0,0,0,0,0,0,0,0,0,0,0,0,0,0,0,0,0,0,0,0,0,0,0,0,0,0,0,0,0,0,0,0,0,0,0,0,0,0,0,0,0,0,0,0,0,0,0,0,0,0,0,0,0,0,0,0,0,0,0,0,0,0,0,0,0,0,0,0,0,0.0027548209366391,0.0045913682277319,0.0030609121518212,0.0047954290378533,0.0059517736285413,0.0067226700223333,0.0044817800148889,0.0057426742798984,0.0065832704565714,0.0043888469710476,0.0056807189173375,0.0092967878181699,0.011707500418725,0.024333925898985,0.024487080075907,0.019079540987244,0.020984156801413,0.016744258804248,0.013917660139471,0.014788081966259,0.023632825994035,0.021264859202635,0.030705498421591,0.034244436964256,0.033848908389394,0.03083040173618,0.037082526777288,0.035740968264749,0.05137552154289,0.039759989568538,0.026506659712359,0.025935569284823,0.03381930514305,0.028055845301978,0.040742464361099,0.049200210400512,0.052083886823482,0.059515979645407,0.061715887256717,0.057672850457646,0.074261239148073,0.060526776511938,0.062389751834405,0.055367272572799,0.064459724414924,0.081540642722897,0.09017310065824,0.10970217729833,0.10619263610522,0.10936258384976,0.10321141953621,0.11288474801036,0.11657881272316,0.10802223878514,0.11333713990635,0.14718343762351,0.1752572779749,0.18295388779594,0.17982049820005,0.21078942304246,0.20939680544428,0.19744910996561,0.24458039837928,0.30905910856139,0.33827081066627,0.36600974154611,0.37072825744947,0.34357090441535,0.38056242112539,0.37216558102574,0.39136107605573,0.40966771461566,0.45492999156196,0.50989823128924,0.57960157568043,0.64259939756106,0.73693954327762,0.79983297375533,0.90787762988647,0.98817186345049,1.1078170549725,1.2013546206704,1.395944402761,1.5559739544577,1.7563242341013,2.1047671202549,2.5712221573049,3.0474814382033,3.8636102150005,4.5564563967772,5.2828166612124,6.1912992617449,6.9760176896481,7.2071522889665,7.0306635094487,6.5163101082275,5.7326364908845,4.8024739140332,3.882090047372,2.9764897836474,2.1468609576933,1.4946015200049,1.0487426111328,0.72120030824828,0.49732913111869,0.35359132157224,0.26052093614458,0.18745472877958,0.14425356574286,0.12371725319497,0.10176191535312,0.087125023458552,0.074612274592203,0.063515621077997,0.045098568321971,0.030065712214647,0.020043808143098,0.013362538762065,0.0089083591747103,0.0059389061164735,0.0039592707443157,0.0026395138295438,0.0017596758863625],"red":[0,0,0,0,0,0,0,0,0,0,0,0,0,0,0,0,0,0,0,0,0,0,0,0,0,0,0,0,0,0,0,0,0,0,0,0,0,0,0,0,0,0,0,0,0,0,0,0,0,0,0,0,0,0,0,0,0,0,0,0,0,0,0,0,0,0,0,0,0,0,0,0,0,0,0,0,0,0,0,0,0,0,0,0,0,0,0,0,0,0,0,0,0,0,0,0,0,0,0,0,0,0,0,0,0,0,0,0,0,0,0,0,0,0,0,0,0,0,0,0,0,0,0,0,0,0,0,0,0,0,0,0,0,0,0,0,0,0,0,0,0,0.0027548209366391,0.0045913682277319,0.0030609121518212,0.0047954290378533,0.0031969526919022,0.0021313017946015,0.0041756887997068,0.005538613469777,0.0036924089798513,0.0052164269232067,0.0062324388854436,0.0096646011302406,0.011952709293439,0.01623293567221,0.013576778051446,0.020070469114187,0.01888995461607,0.020857765887297,0.022169640068115,0.020289401918688,0.02179073075571,0.01452715383714,0.026213694844595,0.02574025937298,0.033689098535155,0.027969040896715,0.035174952884311,0.031714431399458,0.040426700822779,0.03521559669177,0.040005990081015,0.032180301927288,0.02696317649147,0.02899473474087,0.038613569717054,0.036761663557926,0.03552705945184,0.053987736604257,0.052520750022673,0.057052400841561,0.060073501387487,0.059332747481465,0.061593732480757,0.057591413940339,0.054923201580061,0.061408856149793,0.076751909609504,0.086980611915978,0.080025642103765,0.097427563055402,0.095254739006632,0.11308993619726,0.11120596297448,0.10994998082596,0.11186748033026,0.10763617145984,0.11583458262612,0.1350742947535,0.14790076950509,0.17022585735601,0.16858032363679,0.19227668958706,0.22735801344372,0.21217806956854,0.21583221166828,0.25959062045103,0.2915177139095,0.35963439880468,0.35270392427199,0.35634807072678,0.37530642731648,0.36039712234322,0.37525097412413,0.36036015354832,0.42205828418373,0.47145483408392,0.52917925578046,0.60072005481783,0.67871695114577,0.73622452390434,0.83241414541281,0.86072788757548,0.94296459722663,1.0914529821731,1.1794259550576,1.3950993970356,1.5636750801174,1.7284004666347,2.1302284102634,2.4614745875585,3.0486965569949,3.69637621706,4.3816061832741,5.1056437916043,5.8886110125847,6.6034266254697,7.3692265657401,7.4692915396945,6.9933017978129,5.9845152481287,4.8739743527469,3.9049636180847,2.9311327701832,2.1166229487172,1.4689332054809,1.0123466548936,0.69142669554889,0.48298969785904,0.34678652033578,0.24496511824038,0.18534864632003,0.15111397357975,0.1310456793562,0.09838306998402,0.093136922689071],"green":[0,0,0,0,0,0,0,0,0,0,0,0,0,0,0,0,0,0,0,0,0,0,0,0,0,0,0,0,0,0,0,0,0,0,0,0,0,0,0,0,0,0,0,0,0,0,0,0,0,0,0,0,0,0,0,0,0,0,0,0,0,0,0,0,0,0,0,0,0,0,0,0,0,0,0,0,0,0,0,0,0,0,0,0,0,0,0,0,0,0,0,0,0,0,0,0,0,0,0,0,0,0,0,0,0,0,0,0,0,0,0,0,0,0,0,0,0,0,0,0,0,0,0,0,0,0,0,0,0,0,0,0,0,0,0,0,0,0,0.0027548209366391,0.0018365472910927,0.0039791857973676,0.0054076114682175,0.0063598952487841,0.0069947511024952,0.0046631674016635,0.0058635992044148,0.0066638870729156,0.0044425913819438,0.0057165485246016,0.0093206742230127,0.0062137828153418,0.023426268433368,0.02112715416219,0.022349232251378,0.023163950977502,0.018197454921641,0.014886457551066,0.012679125970683,0.022226855330318,0.023082366363463,0.023652707052226,0.029542576051346,0.038978797257371,0.031495506711526,0.040280751030824,0.032363475893828,0.051878680898915,0.040095429139222,0.029485107029454,0.027921200829553,0.026878596696286,0.028938348210747,0.038575978696972,0.053265528497706,0.049284457014999,0.063159334979697,0.058635148939632,0.055619024912923,0.072892022118257,0.059613965158728,0.061781210932265,0.049451936764761,0.068780630019482,0.070647141776074,0.082910766693691,0.1076154422586,0.10204665847543,0.11486306157315,0.10412358374849,0.099718752802026,0.11882076633083,0.11227169546022,0.11341529008643,0.1279517911871,0.15968135941399,0.19460850958178,0.19309988793055,0.20035860297298,0.21346220914452,0.20291420003574,0.23444968707617,0.29128601727943,0.31815762033505,0.3553557689286,0.35260632529124,0.36179264661289,0.38169096551052,0.37842758582244,0.381761641237,0.3977584495299,0.46351940712462,0.52664379207757,0.56321707350626,0.61239264955514,0.69200832284392,0.75885954305297,0.85301380005184,0.92955740940095,1.1265919919422,1.1532651847108,1.3583751369146,1.5033795678604,1.7019775631466,2.0740456481584,2.4873802943645,3.0687218491356,3.7675776514898,4.4786605830869,5.2254431435455,5.9436838587824,6.6346322143949,7.0346583908638,7.078202012642,6.7353302673812,5.9144626024965,4.8906334705349,4.0207528922023,3.1818793386032,2.3554126720165,1.6639390265234,1.1643891030817,0.79829796954758,0.54872757198489,0.38785694881637,0.28336468764067,0.20543871738028,0.1589977124133,0.14456596805515,0.11841587952988,0.087208382496502,0.07191302634753,0.058961301311577,0.039307534207718,0.026205022805145,0.01747001520343,0.011646676802287],