{"luma":[0,0,0,0,0,0,0,0,0,0,0,0,0,0,0,0,0,0,0,0,0,0,0,0,0,0,0,0,0,0,0,0,0,0,0,0,0,0,0,0,0,0,0,0,0,0,0,0,0,0,0,0,0,0,0,0,0,0,0,0,0,0,0,0,0,0,0,0,0,0,0,0,0,0,0,0,0,0,0,0,0,0,0,0,0,0,0,0,0,0,0,0,0,0,0,0,0,0,0,0,0,0,0,0,0,0,0,0,0,0,0,0,0,0,0,0,0,0,0,0,0,0,0,0,0,0,0,0,0,0,0,0,0,0,0,0,0,0,0.0044790826838663,0.0029860551225776,0.0019907034150517,0.0013271356100345,0.0053638397572227,0.017013141223081,0.013581635490654,0.013533506344302,0.013501420246734,0.024677736224688,0.061242650988456,0.083379719489034,0.15860538138828,0.28937931096404,0.39447826141668,0.5250118446173,0.63219010549511,0.68572594867819,0.65646981188418,0.62576801397851,0.59634198334032,0.53641288542674,0.53453235629721,0.51984142215926,0.5100474660673,0.53935082347692,0.54544914703173,0.56295194411987,0.5499855207507,0.53910169716266,0.56543893489962,0.62554837888766,0.68129813093989,0.69606921888871,0.64992807730626,0.60349052685776,0.51654362634377,0.41154865782051,0.33707292945447,0.28966198521904,0.22670111027502,0.20488306572308,0.19257724403038,0.14854070143099,0.15725520917759,0.13619038490546,0.1266262514079,0.095615207648267,0.090617967868709,0.082807391998471,0.079839882760246,0.075622001926162,0.07504962271204,0.070188953885425,0.071427590684882,0.070013807209253,0.075789908917966,0.061724312654977,0.063544955189316,0.073716882246609,0.089456332319203,0.0820329682988,0.074844517609932,0.087968547886152,0.1079156081133,0.1055368588712,0.1017114847012,0.12155664867386,0.19301483287923,0.30336077992361,0.46426685695525,0.750700882331,1.2910253485897,2.1215453412349,3.7255702256983,5.4891779646732,7.0680338988711,9.0634514266235,10.622162995336,10.308621070616,8.4087394076436,6.0918067429619,4.2739609227916,2.983679762377,2.114534156733,1.5664573317573,1.2212286538509,1.0000343672811,0.81897838943883,0.64452541200428,0.47895351752538,0.33497913441045,0.2300380469661,0.1533586979774,0.10223913198493,0.06815942132329,0.045439614215526,0.030293076143684,0.02019538409579,0.013463589397193,0.0089757262647953,0.0059838175098636,0.0039892116732424,0.0026594744488282,0.0017729829658855,0.0011819886439237,0.00078799242928244,0.0005253282861883,0.00035021885745886,0.00023347923830591,0.00015565282553727,0.00010376855035818,6.9179033572121e-5,4.6119355714748e-5,3.0746237143165e-5,2.0497491428777e-5,1.3664994285851e-5,9.1099961905674e-6],"red":[0,0,0,0,0,0,0,0,0,0,0,0,0,0,0,0,0,0,0,0,0,0,0,0,0,0,0,0,0,0,0,0,0,0,0,0,0,0,0,0,0,0,0,0,0,0,0,0,0,0,0,0,0,0,0,0,0,0,0,0,0,0,0,0,0,0,0,0,0,0,0,0,0,0,0,0,0,0,0,0,0,0,0,0,0,0,0,0,0,0,0,0,0,0,0,0,0,0,0,0,0,0,0,0,0,0,0,0,0,0,0,0,0,0,0,0,0.0022395413419332,0.003732568903222,0.0024883792688146,0.0016589195125431,0.0011059463416954,0.011935004270796,0.01243575219773,0.046362704278018,0.089136544408941,0.13556876856502,0.17548175003681,0.1864136149578,0.21833647966639,0.20154618665926,0.19707128201363,0.20752526030148,0.21673412050198,0.18480115782279,0.17023114006245,0.17843412562436,0.18390278266564,0.17859038865875,0.16609062728643,0.15327837035435,0.14921594841683,0.13307041907355,0.13798352223823,0.13230075898028,0.11507500209005,0.10583070550517,0.10638646514104,0.095559264855293,0.092820214015327,0.084275556096216,0.074100034799609,0.078514060644871,0.068019496490113,0.061023120386941,0.060837952335359,0.062954048309571,0.050927530907447,0.058586642032896,0.059213633432663,0.052913003673374,0.07110799725318,0.08995661699885,0.095803739470164,0.099701821117707,0.10230054221607,0.10627256429024,0.11116012034829,0.10769986702786,0.10987211416477,0.12251798563238,0.12422994258498,0.14104803661358,0.13882285124772,0.15077664238874,0.14978767111502,0.17600285303574,0.18900055829902,0.18198890574768,0.20642850815858,0.21600295240671,0.22686499792267,0.24754360965157,0.24789210275258,0.29067571698331,0.31023996110273,0.31208508380601,0.30883608292433,0.33802366112361,0.33956571585433,0.37194733112855,0.43832590148335,0.47138057501022,0.50013564805393,0.56185698224647,0.6209208691103,0.61550596684752,0.59845878395406,0.59605216072616,0.48471021948617,0.40376363463371,0.3318829139966,0.2660461028364,0.2109571886866,0.17423124592006,0.18110086286277,0.31333446398143,0.59856983615066,1.0037227197557,1.6590257529716,2.6938519800784,4.1048684435853,6.0533396897933,7.941319893527,9.4463229102954,10.064457143995,9.249277977749,7.6039708600204,5.747894933286,4.1589029914463,3.0346283313037,2.273914184499,1.6794293076271,1.2741478910115,1.0263556933537,0.82308869210232,0.63158882438641,0.474808208464,0.35461100845553,0.27447954178322,0.20762131595008,0.14961191734305,0.0997412782287,0.068733726827733,0.048062025893755,0.032041350595837,0.021360900397225,0.014240600264816,0.0094937335098776,0.0063291556732517,0.0042194371155012,0.0028129580770008,0.0018753053846672,0.0012502035897781,0.00083346905985208,0.00055564603990139,0.00037043069326759,0.00024695379551173,0.00016463586367449,0.00010975724244966,7.3171494966438e-5,4.8780996644292e-5,3.2520664429528e-5,2.1680442953019e-5,1.4453628635346e-5,9.6357524235638e-6,6.4238349490426e-6],"green":[0,0,0,0,0,0,0,0,0,0,0,0,0,0,0,0,0,0,0,0,0,0,0,0,0,0,0,0,0,0,0,0,0,0,0,0,0,0,0,0,0,0,0,0,0,0,0,0,0,0,0,0,0,0,0,0,0,0,0,0,0,0,0,0,0,0,0,0,0,0,0,0,0,0,0,0,0,0,0,0,0,0,0,0,0,0,0,0,0,0,0,0,0,0,0,0,0,0,0,0,0,0,0,0,0,0,0,0,0,0,0,0,0,0,0,0,0,0,0,0,0,0,0,0,0,0,0,0,0,0,0,0,0,0,0,0,0,0,0,0,0,0.0022395413419332,0.0014930275612888,0.00099535170752585,0.00066356780501724,0.0026819198786113,0.0062670292696072,0.0086571021969378,0.0080109428065584,0.0098197112215719,0.01774418085738,0.023027160614586,0.024309605777457,0.025164569219371,0.039171792898912,0.073144896779871,0.10027271538438,0.12507655181318,0.22223593107531,0.30268563997693,0.4324631848704,0.61080274315198,0.76328890213536,1.0149956113671,1.2746212792076,1.4051537722711,1.4361869007652,1.3247427139205,1.1541463116542,0.97098959521015,0.77721979463889,0.62116543148819,0.48129652791679,0.42612279501538,0.34902856225965,0.29539286574723,0.24395894534542,0.22310691312914,0.18457060355702,0.16111927185088,0.13428734400378,0.13207618149925,0.15971611060803,0.14007052720102,0.13145255428021,0.13242586302547,0.12187702881264,0.10812584864496,0.10791656056757,0.10105841115685,0.089767687523895,0.080000997093329,0.075729411481551,0.075121229082299,0.072476232807531,0.070712901957686,0.058339641348123,0.061288507651414,0.069973042546074,0.082481356501647,0.081862067104296,0.076970124822196,0.091625160702927,0.099155643281482,0.10417596500052,0.12319963554008,0.20978694685024,0.32126081326341,0.47620021251512,0.83927994101385,1.5829903539394,2.9858115393726,4.953454221626,6.9639529084781,9.2964021808558,11.055166624557,10.648799607628,8.8975514359911,6.4938258341526,4.5464527329359,3.1653409691399,2.2513184173018,1.6688445455128,1.3074031270901,1.097795760262,0.87967356874223,0.75217510513121,0.56639676900353,0.42014913149909,0.28905758636712,0.19494459892002,0.13444214863054,0.089628099087029,0.061991607399952,0.041327738266635,0.02755182551109,0.01836788367406,0.012245255782707,0.0081635038551378,0.0054423359034252,0.0036282239356168,0.0024188159570779,0.0016125439713852,0.0010750293142568,0.00071668620950455,0.00047779080633637,0.00031852720422424,0.00021235146948283,0.00014156764632189,9.4378430881258e-5,6.2918953920838e-5,4.1945969280559e-5,2.7963979520373e-5,1.8642653013582e-5,1.2428435342388e-5,8.2856235615919e-6],