{"luma":[0,0,0,0,0,0,0,0,0,0,0,0,0,0,0,0,0,0,0,0,0,0,0,0,0,0,0,0,0,0,0,0,0,0,0,0,0,0,0,0,0,0,0,0,0,0,0,0,0,0,0,0,0,0,0,0,0,0,0,0,0,0,0,0,0,0,0,0,0,0,0,0,0,0,0,0,0,0,0,0,0,0,0,0,0,0,0,0,0,0,0,0,0,0,0,0,0,0,0,0,0,0,0,0,0,0,0,0,0,0,0,0,0,0,0,0,0,0,0,0,0,0,0,0,0,0,0,0,0,0,0.0026705122042408,0.0071213658779754,0.0087533455583448,0.0085060759098039,0.0056707172732026,0.0051157342842555,0.003410489522837,0.0049441718861321,0.0032961145907547,0.0075384341356514,0.0063608788592213,0.017593146927351,0.015734532924595,0.023842249637601,0.031917906317179,0.050654238458101,0.069821407062651,0.11063989761021,0.16989837109281,0.22542709330665,0.30517443671707,0.32228741756676,0.29497364450506,0.29278753568938,0.28999487371013,0.27211002583186,0.27086884272997,0.28072343614568,0.28061688457888,0.28722213071161,0.29429614033768,0.3016826589593,0.33331212674945,0.33303434097563,0.36756580911487,0.40928037330406,0.47981827803136,0.52951406005381,0.54128048376818,0.5144081075893,0.47112332419642,0.42757898481118,0.38786737640406,0.37875130012687,0.38869698916753,0.41936205836613,0.41710608409582,0.41026107684047,0.3643047995045,0.34701984230172,0.27808052510869,0.20541585827094,0.16097851535212,0.12601259566443,0.11338403135627,0.10229447627992,0.10558348837932,0.098429370397407,0.10834777553279,0.12831260664425,0.13628146964341,0.14827032548678,0.1869737863978,0.21544660587605,0.28249770520456,0.34989779182627,0.42287156105194,0.59169378972656,0.70157142997206,0.75479434860392,0.84235128234119,0.98217319372872,1.2529768629024,1.3907844470837,1.3304369742295,1.3048931427833,1.2811876413086,1.3655281813179,1.6153673427981,1.8794004792398,2.079457180039,2.2088225455989,2.4032218669105,2.4874227069795,2.6356892714051,2.7171753183613,2.9157070086944,2.9358999563384,3.0214657509489,3.1626307484561,3.2500644662837,3.2509375991109,3.2902421146238,3.474005345016,3.4830173965972,3.3568350768748,3.3434821038055,3.0969045355819,2.8123464409087,2.5638897759666,2.2900962550668,1.97938265533,1.656072974621,1.3203601382908,1.036465056142,0.81515552159185,0.60886456339846,0.46199046522136,0.32935774111484,0.23292438843109,0.16062395002921,0.11909993827189,0.082070471052168,0.054713647368112,0.036475764912075,0.02431717660805,0.016211451072033,0.010807634048022,0.0072050893653481,0.0048033929102321,0.0032022619401547,0.0021348412934365,0.0014232275289576,0.00094881835263843,0.00063254556842562,0.00042169704561708],"red":[0,0,0,0,0,0,0,0,0,0,0,0,0,0,0,0,0,0,0,0,0,0,0,0,0,0,0,0,0,0,0,0,0,0,0,0,0,0,0,0,0,0,0,0,0,0,0,0,0,0,0,0,0,0,0,0,0,0,0,0,0,0,0,0,0,0,0,0,0,0,0,0,0,0,0,0,0,0,0,0,0,0,0,0,0,0,0,0,0,0,0,0,0,0,0,0,0,0,0,0,0,0,0,0,0,0,0,0,0,0,0,0,0,0,0,0,0,0,0,0,0,0,0,0.0053410244084815,0.01023696344959,0.014836178912449,0.023243346962836,0.027512869560974,0.041041266776696,0.048724942151724,0.064529441218705,0.085747822746989,0.089211361615549,0.11021397295761,0.10952789672899,0.12642884190414,0.12300832156425,0.14342732840704,0.16638679235041,0.18970463825871,0.17320372241335,0.18490246558583,0.19403688380293,0.18143291051798,0.18638282268255,0.18567699581924,0.21992310323216,0.27212947575409,0.31361000461265,0.37197458086712,0.41889583498282,0.40611321968998,0.36153956140418,0.2904308500479,0.22433145704737,0.15890109741309,0.11394560155478,0.082640014880457,0.057763855457879,0.043850261380401,0.031904019791175,0.027945627038052,0.027977210740211,0.025327754337409,0.023561450068875,0.023719169991972,0.02382431660737,0.019888646044608,0.017264865669433,0.01551567875265,0.017020066345702,0.014017223101375,0.012015327605158,0.01335124281192,0.022253389562484,0.034864434573462,0.036595517403512,0.048431621440508,0.050981333056691,0.048675372494451,0.040461784942357,0.044332852622469,0.040237283898609,0.037506904749369,0.054380237412895,0.056282333140402,0.066897189673583,0.063291711878741,0.063558572219754,0.079759552339207,0.091895461854296,0.11467388532101,0.15255885470154,0.19650908638491,0.25919064339349,0.27026745771712,0.30702763484618,0.35423377333494,0.44445580082074,0.56869611204638,0.69959220587315,0.84961330522398,0.93493955433455,0.95977757395737,1.065798412548,1.2059122889187,1.4061420280021,1.5115881425798,1.5137874910902,1.4671845037541,1.4654914797767,1.4977441996781,1.7035113550383,1.8860881660838,2.0839156379351,2.2505172778244,2.4069837452227,2.4992774185691,2.5728238390525,2.6605772130029,2.8365819992897,2.9592595478895,3.0530618852084,3.1609954842264,3.3344306806662,3.4513894010616,3.5213503447124,3.6614589009614,3.7014543610426,3.6453321227652,3.6012410167364,3.3528649453028,3.0203738849153,2.6638523116762,2.3206860307826,1.9690649487917,1.6064663083277,1.2432255760586,0.97302470973476,0.77419721342249,0.58823530512949,0.46426069960083,0.35490584053931,0.26998529624588,0.23072992937783,0.1898718676758,0.14794534275113,0.10931227731772,0.076880619851505,0.065941563690994,0.054643091277626,0.051116544641742,0.050100769653272,0.045417818021265,0.044966362470834,0.033983343286917],"green":[0,0,0,0,0,0,0,0,0,0,0,0,0,0,0,0,0,0,0,0,0,0,0,0,0,0,0,0,0,0,0,0,0,0,0,0,0,0,0,0,0,0,0,0,0,0,0,0,0,0,0,0,0,0,0,0,0,0,0,0,0,0,0,0,0,0,0,0,0,0,0,0,0,0,0,0,0,0,0,0,0,0,0,0,0,0,0,0,0,0,0,0,0,0,0,0,0,0,0,0,0,0,0,0,0,0,0,0,0,0,0,0,0,0,0,0,0,0,0.0013352561021204,0.0035606829389877,0.0077148130344733,0.0051432086896489,0.00609931799734,0.0080719803045879,0.006716576305179,0.01783027855799,0.018563132882595,0.044421568372619,0.062995781468089,0.10875999275141,0.16196882067634,0.20144714093265,0.23577755771625,0.24130617291109,0.22629833094462,0.22697515178394,0.2060622680429,0.19078508944675,0.18594132812446,0.17470061729688,0.16587155397638,0.16399128006907,0.1720845568457,0.1841563552074,0.1881984524755,0.20825151331513,0.25500162309456,0.32889655821537,0.42756432407436,0.43726207835796,0.37028816226374,0.29492799451883,0.23400583387192,0.178703242984,0.16853997110112,0.16443496871677,0.17905662978811,0.18746914773355,0.16904288319234,0.16877601175061,0.16058656084341,0.18183204894768,0.1986662198881,0.17116657355356,0.19289115906081,0.2047037038614,0.19388514829878,0.21738366827246,0.2317140921528,0.25194975688999,0.26009917563963,0.27888468249393,0.31410770746618,0.32690767529738,0.37282815804422,0.39275976439181,0.36064879448478,0.32054789578375,0.29114345111215,0.25284690256806,0.19526972375445,0.14486763295962,0.10859572689217,0.10444329771233,0.092328218877602,0.086922011858689,0.087323642152441,0.09026190788585,0.097561776116604,0.10776937934559,0.11858021647127,0.14715153885565,0.16619908711191,0.19892629414789,0.24077327370367,0.30872894313781,0.35937374716905,0.47592282818801,0.62572604504848,0.74695895392272,0.79974051502769,0.94308396670275,1.1414609876827,1.3284578351897,1.3276083265949,1.3203657070212,1.2981789646445,1.3488153520639,1.5040812489698,1.7771693718764,2.017979388974,2.2159065712318,2.3732278920107,2.4393863455684,2.5222144082351,2.5881151654964,2.7295226991255,2.8104418271903,2.8857520102008,2.9933748112656,3.1692733212742,3.2251172139158,3.2343060975323,3.3245531543769,3.4247755420035,3.359400112978,3.3198222619341,3.2974427962111,3.0381712857078,2.7344685140311,2.475919243291,2.2341197454873,1.8939957626006,1.587131074549,1.2383469568189,0.92036782112983,0.7057112184662,0.53456643854591,0.38708851604604,0.2674058034122,0.18361156001662,0.13442501159683,0.092287186602126,0.061524791068084,0.041016527378723,0.027344351585815,0.018229567723877,0.012153045149251,0.0081020300995008,0.0054013533996672,0.0036009022664448,0.0024006015109632,0.0016004010073088,0.0010669340048725,0.00071128933658169,0.00047419289105446],