{"luma":[0,0,0,0,0,0,0,0,0,0,0,0,0,0,0,0,0,0,0,0,0,0,0,0,0,0,0,0,0,0,0,0,0,0,0,0,0,0,0,0,0,0,0,0,0,0,0,0,0,0,0,0,0,0,0,0,0,0,0,0,0,0,0,0,0,0,0,0,0,0,0,0,0,0,0,0,0,0,0,0,0,0,0,0,0,0,0,0,0,0,0,0,0,0,0,0,0,0,0,0,0,0,0,0,0,0,0,0,0,0,0,0,0,0,0,0,0,0,0,0,0,0,0,0,0,0,0,0,0,0,0,0,0,0,0,0,0,0,0,0,0,0,0,0,0,0,0,0,0,0,0,0,0,0.028715378390373,0.084405809208065,0.15285863042148,0.34990220334935,0.49170654107959,0.68022036823793,0.83722212034512,1.0436990239218,1.3484215854261,1.5724538713188,1.9776366451495,2.3104102290398,2.4904914618534,2.5296204597805,2.5374330357865,2.5713567981809,2.3955754799891,2.1583054430773,2.0236198189706,1.8711776682296,1.7382237004007,1.6182618545131,1.5435082684772,1.4753991218412,1.3647308004694,1.3353302316127,1.3783815870448,1.3287678223288,1.2721975786836,1.2344840829201,1.2145627303003,1.19345036172,1.1872069161669,1.2065390196327,1.2011536659979,1.2001739191859,1.1499214646976,1.0772624942033,0.9505085122031,0.97042541531946,0.95759846128458,0.91250031337055,0.89287683720618,0.92678332076569,0.94155617630496,0.94096279088616,0.89618888854911,0.88722353188105,0.89952005004772,0.85028697204476,0.90883203310307,0.94525158486402,0.9434263965922,0.95787253807846,0.99621867745967,0.98784641410095,1.0240327283084,0.95417933577519,0.96243067525587,0.92877423407431,0.91416807345367,0.98013481243271,1.1441951298694,1.2379057411597,1.4883346860296,1.6944446501116,2.017196007898,2.3158992259822,2.5489710609845,2.6103746823145,2.1762014419544,1.6570295879247,1.3291884411836,1.0244815415185,0.86050094257703,0.693749786502,0.48599425816922,0.33443812789113,0.225569240872,0.15037949391467,0.10025299594311,0.06683533062874,0.044556887085827,0.029704591390551,0.019803060927034,0.013202040618023,0.0088013604120152,0.0058675736080101,0.0039117157386734,0.0026078104924489,0.0017385403282993,0.0011590268855329,0.00077268459035524,0.00051512306023683,0.00034341537349122,0.00022894358232748,0.00015262905488499,0.00010175270325666,6.7835135504438e-5,4.5223423669625e-5,3.0148949113084e-5,2.0099299408722e-5,1.3399532939148e-5],"red":[0,0,0,0,0,0,0,0,0,0,0,0,0,0,0,0,0,0,0,0,0,0,0,0,0,0,0,0,0,0,0,0,0,0,0,0,0,0,0,0,0,0,0,0,0,0,0,0,0,0,0,0,0,0,0,0,0,0,0,0,0,0,0,0,0,0,0,0,0,0,0,0,0,0,0,0,0,0,0,0,0,0,0,0,0,0,0,0,0,0,0,0,0,0,0,0,0,0,0,0,0,0,0,0,0,0,0,0,0,0,0,0,0,0,0,0,0,0,0,0,0,0,0,0,0,0,0,0,0,0,0,0,0,0,0,0,0,0,0,0,0,0,0,0,0,0,0,0,0,0,0,0,0.015662933667476,0.057430756780745,0.10093890585707,0.27613171947106,0.46602061899527,0.64221250862509,0.8223255030482,1.0442099015022,1.327878258923,1.4856646298686,1.8127471041215,2.1038957774051,2.2797214703154,2.355170775809,2.3584815118023,2.4520557821914,2.3865246708331,2.1470505924175,2.0317795188649,1.8296286671567,1.7000824105737,1.5641189495714,1.489139575904,1.3686701252888,1.3510088928818,1.3705606052788,1.4123104586005,1.3331136474206,1.2855367511898,1.1728936630873,1.1212926715202,1.1129968999212,1.0630880734641,1.0480889451047,0.99632170308517,1.0009675425742,1.0171172136231,0.93651654792874,0.90627717130039,0.90700149843813,0.87093753797251,0.85211587555126,0.87611494582786,0.83207308028694,0.802711836593,0.77530620729663,0.8092455666573,0.8553662067323,0.88611330011563,0.87528549503623,0.86284598042748,0.85977394857746,0.82640006000917,0.8093717788528,0.87111328186344,0.90966379492595,0.94058511485679,0.90898954925243,0.87487339412662,0.92783347010222,0.95008774269639,0.98580783598246,0.98351634206072,0.95588379000044,0.9270201328486,0.91821965052569,0.92279461808873,0.96761241957736,0.98965948706938,1.1374924682376,1.4135610372478,1.7620675534298,2.0701094102772,2.4843097637419,2.6586342638797,2.4119926340084,1.9290852295222,1.5236113136382,1.1802016792673,0.91471507779591,0.76904987748328,0.57274116404751,0.39487988742124,0.2658637472254,0.17724249815027,0.11816166543351,0.078774443622342,0.052516295748228,0.035010863832152,0.023340575888101,0.015560383925401,0.010373589283601,0.006915726189067,0.0046104841260447,0.0030736560840298,0.0020491040560199,0.0013660693706799,0.00091071291378661,0.0006071419425244,0.00040476129501627,0.00026984086334418,0.00017989390889612,0.00011992927259741,7.9952848398275e-5],"green":[0,0,0,0,0,0,0,0,0,0,0,0,0,0,0,0,0,0,0,0,0,0,0,0,0,0,0,0,0,0,0,0,0,0,0,0,0,0,0,0,0,0,0,0,0,0,0,0,0,0,0,0,0,0,0,0,0,0,0,0,0,0,0,0,0,0,0,0,0,0,0,0,0,0,0,0,0,0,0,0,0,0,0,0,0,0,0,0,0,0,0,0,0,0,0,0,0,0,0,0,0,0,0,0,0,0,0,0,0,0,0,0,0,0,0,0,0,0,0,0,0,0,0,0,0,0,0,0,0,0,0,0,0,0,0,0,0,0,0,0,0,0,0,0,0,0,0,0,0,0,0,0,0,0,0.023494400501214,0.086146135171118,0.1514083587856,0.31760948825715,0.49889344274183,0.66412772445612,0.83954613588014,1.050469345501,1.3712085557576,1.6033081185406,2.0060376101311,2.3162917609713,2.4918019941965,2.5304941480092,2.5406259835503,2.6048112973584,2.4805302141107,2.2540992666604,2.0796509011923,1.9268051456561,1.7648667295733,1.6412448518507,1.566661733536,1.4177410747655,1.3967753039225,1.3932400791389,1.3778308178936,1.307516731338,1.2188728505211,1.1467244852535,1.1586668208005,1.1953437562222,1.1858586902238,1.2108611802265,1.2301399958395,1.1568464044104,1.0844896096231,1.015367834875,0.91446638387336,0.96989173026752,0.93635875969332,0.87223562286391,0.89213859964755,0.93412262922701,0.91512318127756,0.90506737158917,0.92446838790937,0.88258213095334,0.89642578276258,0.8743290166338,0.90397615127245,0.95767726397776,0.95171018266802,0.9894999515748,0.99903019717851,1.0210466279151,1.0200613147387,0.96197368250705,0.95196397274298,0.91918594345446,0.92865979126374,0.99501693552858,1.0653599211509,1.206232846904,1.5350921357516,1.9083505093801,2.1806838256337,2.4301120823618,2.7008171446304,2.5523655791257,2.0017832813771,1.5877396152089,1.2725531702615,1.0128295836828,0.80835465862875,0.60677581831156,0.42801161270892,0.29317254197302,0.19544836131535,0.13029890754356,0.086865938362376,0.057910625574917,0.038607083716612,0.025738055811074,0.01715870387405,0.011439135916033,0.0076260906106887,0.0050840604071258,0.0033893736047505,0.002259582403167,0.001506388268778,0.001004258845852,0.00066950589723467,0.00044633726482312,0.00029755817654874,0.00019837211769916,0.00013224807846611,8.8165385644072e-5,5.8776923762715e-5,3.918461584181e-5,2.6123077227873e-5,1.7415384818582e-5],