{"luma":[0,0,0,0,0,0,0,0,0,0,0,0,0,0,0,0,0,0,0,0,0,0,0,0,0,0,0,0,0,0,0,0,0,0,0,0,0,0,0,0,0,0,0,0,0,0,0,0,0,0,0,0,0,0,0,0,0,0,0,0,0,0,0,0,0,0,0,0,0,0,0,0,0,0,0,0,0,0,0,0,0,0,0,0,0,0,0,0,0,0,0,0,0,0,0,0,0,0,0,0,0,0,0,0,0,0,0,0,0,0,0,0,0,0,0,0,0,0,0,0,0,0,0,0,0,0,0,0,0,0,0,0,0.0028055999775552,0.0018703999850368,0.0040525333009131,0.0027016888672754,0.013023525821738,0.014293550502936,0.015140233623734,0.024121488970265,0.021692192601954,0.022878261667302,0.026474574355089,0.042900116034722,0.051044877176923,0.062085917893501,0.049807411861666,0.075288940904439,0.10349902684317,0.12511135077989,0.17599236644591,0.19307944369127,0.18202602870106,0.21954668501514,0.21089325616053,0.25001390323167,0.26767753467977,0.30750928875405,0.34248059140291,0.34896119330348,0.39536559423385,0.42349626154322,0.46750043954745,0.5248925579925,0.58840437008719,0.66721837785854,0.75623384941432,0.83521669696106,0.88506632868133,1.0389402155297,1.1611620066049,1.2706992004305,1.3914191959327,1.4803159928669,1.5620253239767,1.6277206112935,1.7556854688314,1.8045225741484,1.9493046434619,2.1019380225554,2.2205272084831,2.344476265409,2.460776169757,2.698228638043,2.7386950845097,2.9143695142979,3.1324874000153,3.3003441236474,3.6086406044976,3.8646723913271,4.0606106490115,4.325904953057,4.4915454225105,4.6188060020114,4.5745887893779,4.3627466490811,3.9605977576373,3.4961064982458,2.8778296611205,2.2945035044061,1.7849786008949,1.2769593332341,0.89619582179698,0.60588068113065,0.41233725401977,0.27489150267984,0.18326100178656,0.1249796011686,0.083319734112398,0.055546489408265,0.037030992938844,0.024687328625896,0.01645821908393,0.010972146055954,0.0073147640373024,0.0048765093582016,0.0032510062388011,0.0021673374925341,0.0014448916616894,0.00096326110779291,0.00064217407186194,0.00042811604790796,0.00028541069860531,0.0001902737990702,0.00012684919938014,8.4566132920091e-5,5.6377421946727e-5,3.7584947964485e-5,2.5056631976323e-5,1.6704421317549e-5,1.1136280878366e-5,7.4241872522439e-6,4.9494581681626e-6,3.2996387787751e-6,2.1997591858501e-6,1.4665061239e-6,9.7767074926669e-7,6.5178049951113e-7,4.3452033300742e-7,2.8968022200495e-7,1.931201480033e-7,1.2874676533553e-7,8.5831176890354e-8,5.7220784593569e-8,3.8147189729046e-8,2.5431459819364e-8,1.6954306546243e-8,1.1302871030829e-8,7.5352473538857e-9,5.0234982359238e-9,3.3489988239492e-9,2.2326658826328e-9,1.4884439217552e-9,9.922959478368e-10,6.615306318912e-10,4.410204212608e-10],"red":[0,0,0,0,0,0,0,0,0,0,0,0,0,0,0,0,0,0,0,0,0,0,0,0,0,0,0,0,0,0,0,0,0,0,0,0,0,0,0,0,0,0,0,0,0,0,0,0,0,0,0,0,0,0,0,0,0,0,0,0,0,0,0,0,0,0,0,0,0,0,0,0,0,0,0,0,0,0,0,0,0,0,0,0,0,0,0,0,0,0,0,0,0,0,0,0,0,0,0,0,0,0,0,0,0,0,0,0,0,0,0,0,0,0,0,0,0,0,0,0,0,0,0,0,0,0,0,0,0,0,0,0,0,0,0,0,0,0,0,0,0,0,0,0,0,0,0,0,0,0,0,0,0,0,0.0028055999775552,0.0018703999850368,0.0040525333009131,0.0083128888223858,0.0083475258591457,0.025204217082317,0.019608411365766,0.02148907417651,0.031159649316338,0.034801099432001,0.034423132864888,0.0453935550637,0.049901569885353,0.072546112942675,0.096059274913555,0.11734591618259,0.13434261033949,0.14006253982232,0.1635150259871,0.18476121671872,0.21014774378336,0.23268329511489,0.23087339613725,0.23527799677394,0.24101999717595,0.2420423974664,0.24833519761514,0.2469191977592,0.26280879772056,0.28181866429414,0.3085199085643,0.36279353778596,0.43825435695284,0.44086637011232,0.51274771165752,0.64203100537008,0.72541426786757,0.879199108747,1.0069727357979,1.1314335535177,1.3041866312793,1.5343849488668,1.6990728938353,1.8902272564968,2.1074426975529,2.3195873910516,2.6770483849891,2.9714677138319,3.3164440652042,3.7484314978364,4.0953407191198,4.489338332007,4.9063114060307,5.1814878554022,5.5669420200339,5.5826298650519,5.5257540289359,5.3082784062951,4.8715122602021,4.3446644313588,3.7297061475731,3.0924803602007,2.5245775697637,1.9159165113129,1.4961144724579,1.0956056475197,0.80334936442957,0.58045584259393,0.40380416159462,0.27481397435152,0.18882051618946,0.12588034412631,0.083920229417537,0.055946819611691,0.037297879741128,0.024865253160752,0.016576835440501,0.011051223627001,0.0073674824180005,0.0049116549453337,0.0032744366302224,0.0021829577534816,0.0014553051689878,0.00097020344599184,0.00064680229732789,0.00043120153155193,0.00028746768770128,0.00019164512513419,0.00012776341675613,8.5175611170751e-5,5.6783740780501e-5,3.7855827187e-5,2.5237218124667e-5,1.6824812083111e-5,1.1216541388741e-5,7.4776942591606e-6,4.9851295061071e-6,3.323419670738e-6,2.2156131138254e-6,1.4770754092169e-6,9.8471693947794e-7,6.5647795965196e-7],"green":[0,0,0,0,0,0,0,0,0,0,0,0,0,0,0,0,0,0,0,0,0,0,0,0,0,0,0,0,0,0,0,0,0,0,0,0,0,0,0,0,0,0,0,0,0,0,0,0,0,0,0,0,0,0,0,0,0,0,0,0,0,0,0,0,0,0,0,0,0,0,0,0,0,0,0,0,0,0,0,0,0,0,0,0,0,0,0,0,0,0,0,0,0,0,0,0,0,0,0,0,0,0,0,0,0,0,0,0,0,0,0,0,0,0,0,0,0,0,0,0,0,0,0,0,0,0,0,0,0.0028055999775552,0.0018703999850368,0.0012469333233579,0.00083128888223858,0.00055419258815905,0.00036946172543937,0.00024630781695958,0.00016420521130639,0.0085262700735365,0.01410097998169,0.015011853276237,0.024035902071934,0.018829534692178,0.032192222971005,0.032683881890891,0.041428454436814,0.055674969400094,0.073589445974947,0.088338030335738,0.098170419909598,0.08789174642684,0.114706497169,0.15222219750666,0.18845506430865,0.2322495086862,0.27266820484812,0.31083640219962,0.34189306705573,0.37662551018091,0.40258607224192,0.50125551296503,0.5586183401811,0.62491622476737,0.66911481449155,0.78274854030099,0.84728195759706,0.88749863581689,0.94517135438322,1.0088702332254,1.1074481520047,1.2461123639406,1.3245271720101,1.3992485105436,1.4883411359183,1.5140690197708,1.5985553418005,1.7025747561053,1.7550874324433,1.8097350831781,1.8966676499306,1.9798730942303,2.0746217901159,2.1293707874403,2.1630645190123,2.2584726061434,2.3641619972275,2.5131783906551,2.6798570524015,2.8386713598509,3.0764107637622,3.2012364999724,3.3545936568848,3.6981133595628,3.9748216942999,4.1396547176151,4.2186818000721,4.1114473229894,4.0231240717357,3.6640427066348,3.304014330866,2.8872426151008,2.3428628067229,1.8424685355708,1.3770091558576,0.99936850325418,0.67746806874634,0.46847897902956,0.32354171926326,0.21569447950884,0.14379631967256,0.098669813092595,0.065779875395064,0.043853250263376,0.029235500175584,0.019490333450389,0.012993555633593,0.0086623704223952,0.0057749136149301,0.0038499424099534,0.0025666282733023,0.0017110855155349,0.0011407236770232,0.00076048245134882,0.00050698830089922,0.00033799220059948,0.00022532813373298,0.00015021875582199,0.00010014583721466,6.676389147644e-5,4.4509260984293e-5,2.9672840656196e-5,1.9781893770797e-5,1.3187929180531e-5,8.7919527870209e-6,5.8613018580139e-6,3.9075345720093e-6,2.6050230480062e-6,1.7366820320041e-6,1.1577880213361e-6,7.7185868089072e-7,5.1457245392715e-7,3.430483026181e-7,2.2869886841207e-7,1.5246591227471e-7,1.0164394151647e-7,6.7762627677649e-8,4.5175085118433e-8,3.0116723412289e-8,2.0077815608192e-8,1.3385210405462e-8,8.9234736036411e-9,5.9489824024274e-9,3.9659882682849e-9,2.6439921788566e-9,1.7626614525711e-9,1.1751076350474e-9,7.8340509003159e-10,5.2227006002106e-10],