{"luma":[0,0,0,0,0,0,0,0,0,0,0,0,0,0,0,0,0,0,0,0,0,0,0,0,0,0,0,0,0,0,0,0,0,0,0,0,0,0,0,0,0,0,0,0,0,0,0,0,0,0,0,0,0,0,0,0,0,0,0,0,0,0,0,0,0,0,0,0,0,0,0,0,0,0,0,0,0,0,0,0,0,0,0,0,0,0,0,0,0,0,0,0,0,0,0,0,0,0,0,0,0,0,0,0,0,0,0,0,0,0,0,0,0,0,0,0,0,0,0,0,0,0,0,0,0,0,0,0,0,0,0,0.0024772096710266,0.0016514731140177,0.0060554014180649,0.0089913536207631,0.0059942357471754,0.0064733668358101,0.0067927875615666,0.0045285250410444,0.0054962263650562,0.0086185702520906,0.0057457135013937,0.0063076853386224,0.0066823332301081,0.016840937175205,0.028567759147322,0.033908430791041,0.059763765592759,0.077000655460571,0.078583076688339,0.074683604831465,0.067129537584829,0.074479541108872,0.07442512411618,0.079343265463105,0.070235978005923,0.061687243363441,0.083237393316412,0.10999020830686,0.1104849506033,0.14301850452428,0.14488986310338,0.17090953219972,0.17091551056676,0.22046368956531,0.26340464758179,0.28707753358406,0.31276829626967,0.35466756810368,0.41232693204534,0.45819813701952,0.48877894033565,0.54384707794077,0.59542242770368,0.70412228434308,0.71713582333137,0.79021896743693,0.84389548284935,0.89454308448379,0.91344489421393,0.86907027826707,0.87416813636354,0.87013507941478,0.84762869741405,0.86730537814127,0.93244456838431,0.9188948727794,0.91977058106022,0.94017206394899,0.9537730525415,1.1337678455707,1.176970874455,1.2354994097635,1.2472691269212,1.2947509597628,1.3189738859774,1.3227364550987,1.332676463526,1.3442575551529,1.4287717827059,1.3959350529177,1.4458829801853,1.4494550823114,1.4122011289924,1.3898423697841,1.3699821109698,1.3071977450064,1.2628642913598,1.2085365588851,1.2466343606995,1.2695556855714,1.2105202786885,1.2207075341871,1.2696116022603,1.3046915239801,1.3478958158282,1.4361517091649,1.4776485036922,1.6143102589022,1.6682599506435,1.6819315247651,1.6737054398156,1.6285860284463,1.536576179091,1.4678046505078,1.367458352023,1.2757887229896,1.189903540257,1.1400783807817,1.1019071884562,1.0219611141432,1.0182079246884,0.97359323397776,0.99091709058684,0.98264865095801,1.0316349706347,1.1460404362297,1.1554260855087,1.1492971366728,1.0832809290066,1.0987231560005,1.0347016838655,0.9573397670479,0.91567399452024,0.89780565151924,0.87350737449677,0.83005921676717,0.8877961167667,0.91142412540689,0.88010914741752,0.95832088226566,1.0500973935675,1.1310994118036,0.93985699986275,0.73309134909597,0.51349966277425],"red":[0,0,0,0,0,0,0,0,0,0,0,0,0,0,0,0,0,0,0,0,0,0,0,0,0,0,0,0,0,0,0,0,0,0,0,0,0,0,0,0,0,0,0,0,0,0,0,0,0,0,0,0,0,0,0,0,0,0,0,0,0,0,0,0,0,0,0,0,0,0,0,0,0,0,0,0,0,0,0,0,0,0,0,0,0,0,0,0,0,0,0,0,0,0,0,0,0,0,0,0,0,0,0,0,0,0,0,0,0,0,0,0,0,0,0,0,0,0,0,0,0,0,0,0.0024772096710266,0.0016514731140177,0.0035781917470384,0.0023854611646922,0.0015903074431282,0.003537414633112,0.0023582764220747,0.0040493939524097,0.0026995959682731,0.0017997306455154,0.0011998204303436,0.00079988028689574,0.00053325352459716,0.00035550234973144,0.0027142112375142,0.0018094741583428,0.0036835257765884,0.0049328935220855,0.0057658053524169,0.0038438702349446,0.0025625801566297,0.0017083867710865,0.0011389245140577,0.0057137023514249,0.01124076391403,0.0099710522803796,0.011601787528973,0.022597783045475,0.047268914420328,0.056284706323818,0.062295234259477,0.06630225288325,0.088791276000645,0.083966280710696,0.11047613323638,0.13062657792453,0.12919694969047,0.14310712222726,0.15485778025614,0.18498643931464,0.22488988938851,0.25149218943777,0.26674984646624,0.28683045650266,0.33242125558362,0.34052023459836,0.38555490867794,0.4626450084805,0.51651561801989,0.5970191317913,0.6928007053797,0.7789499748112,0.81656514373065,0.8614596003785,0.94341064123529,1.0649293295909,1.0864887563899,1.1504059010099,1.145950347007,1.1380255583297,1.1500828335753,1.1060996139808,1.1733886447546,1.1587949664991,1.2159505087798,1.1524886071215,1.1770653338004,1.1488600441745,1.1796007111778,1.2793651986528,1.3087167119041,1.3753513711544,1.479227509426,1.5410466392606,1.5971226505098,1.6667103837327,1.6462175447635,1.7192579906033,1.7927237178735,1.7748162082692,1.7950815942564,1.798683012897,1.761448603921,1.6994675195383,1.6358519095773,1.5513289385291,1.4107551623488,1.3071304728778,1.255387814261,1.2035522408192,1.1739496112001,1.0997159120248,1.1022481823328,1.0494377497756,1.0687294075,1.0370007385712,1.0430975989999,1.047162172619,1.0127137432997,0.97488486572736,1.0338907428274,1.0286382201489,1.000364441653,1.0236278203965,1.0168418525196,0.96525089018545,0.96553785069042,0.91866217394423,0.88493451310907,0.92685685733233,0.94737345780142,0.97096003013158,1.0684323308289,1.121027816272,1.0817751831032,1.0333118739515,0.99852579151266,0.95056297317649,0.87895240621596,0.77919062515071,0.78204464189595,0.76412964235791,0.72245979328022,0.72688361961844,0.74221888553239,0.72271588008937,0.73696318284198,0.7786651104004,0.83619291149167,0.94390664967459,0.96121719570062,0.96037151136284,0.77897141581938],"green":[0,0,0,0,0,0,0,0,0,0,0,0,0,0,0,0,0,0,0,0,0,0,0,0,0,0,0,0,0,0,0,0,0,0,0,0,0,0,0,0,0,0,0,0,0,0,0,0,0,0,0,0,0,0,0,0,0,0,0,0,0,0,0,0,0,0,0,0,0,0,0,0,0,0,0,0,0,0,0,0,0,0,0,0,0,0,0,0,0,0,0,0,0,0,0,0,0,0,0,0,0,0,0,0,0,0,0,0,0,0,0,0,0,0,0,0,0,0,0,0,0,0,0,0,0,0,0,0.0024772096710266,0.0016514731140177,0.0035781917470384,0.0023854611646922,0.0015903074431282,0.003537414633112,0.0048354860931012,0.0057008670664274,0.0062777877153115,0.0091396111522608,0.01104749344356,0.0098422053000667,0.0065614702000445,0.016760361821829,0.021082413231992,0.04378145820698,0.046528106501839,0.053313624707132,0.050405674497581,0.058375879708653,0.071120978862447,0.072186082618564,0.067941732447255,0.062634955995356,0.06157431469845,0.058390010829486,0.063698770596589,0.069715153445685,0.088589333371241,0.091263281304173,0.10047754227254,0.091757124891959,0.11071561001517,0.13821785812347,0.17637036756388,0.16960164813415,0.18738405555356,0.19428457449112,0.22861143650181,0.27131368854381,0.30225906624284,0.34270699541041,0.38453553954828,0.39260355827198,0.43018596314446,0.46267252873919,0.59332746466085,0.6630902875781,0.73189372322884,0.82482966407884,0.91403626436013,0.95368965384611,0.95783035979753,0.92095547569538,0.95582525173192,0.922095946656,0.95410835603464,0.98288159130014,0.97976886110457,0.96778486895676,0.95484112151616,0.9784156822791,0.98917763677901,1.0855318212692,1.1349046862366,1.1975464456004,1.2368304088387,1.2704513466772,1.2879108858942,1.3045049980476,1.3502486748775,1.3782672497598,1.4118095577075,1.4738064510757,1.5151377133212,1.5377374688094,1.5503267627973,1.4769717063119,1.4379771740058,1.3178468516361,1.2402371797272,1.1042722696398,1.0532643509846,1.0291679105652,1.0106264072813,1.0478095985125,1.0899388603639,1.1502287606548,1.1334462050818,1.1718020281203,1.2122358348388,1.2268056576294,1.3009263242698,1.3874982470954,1.4105319269182,1.4828635359003,1.4666771571083,1.4261597218613,1.4214429854026,1.4356389621273,1.400513172532,1.4018680761787,1.360658780869,1.2390519498302,1.2620235353208,1.1807267484779,1.1562554066349,1.1349867593975,1.1257620805813,1.1270439237169,1.1774426792278,1.1515888174638,1.1665566353445,1.0972644711254,1.1006138883999,0.98146355936926,0.94661978076064,0.91843617567951,0.84762570253386,0.83262244616011,0.86968725899378,0.8547617794798,0.85967471782997,0.8604728003924,0.96504766161713,1.0347642357669,1.0762875325248,0.89092969865504,0.63854290651517],