{"luma":[0,0,0,0,0,0,0,0,0,0,0,0,0,0,0,0,0,0,0,0,0,0,0,0,0,0,0,0,0,0,0,0,0,0,0,0,0,0,0,0,0,0,0,0,0,0,0,0,0,0,0,0,0,0,0,0,0,0,0,0,0,0,0,0,0,0,0,0,0,0,0,0,0,0,0,0,0,0,0,0,0,0,0,0,0,0,0,0,0,0,0,0,0,0,0,0,0,0,0,0,0,0,0,0,0,0,0,0,0,0,0,0,0,0,0,0,0,0,0,0,0,0,0,0,0,0,0,0,0,0,0,0,0,0,0,0,0,0,0,0,0,0,0,0,0,0,0.0025648917615677,0.0017099278410451,0.0011399518940301,0.00075996792935338,0.00050664528623559,0.00033776352415706,0.00022517568277137,0.00015011712184758,0.00010007808123172,6.6718720821147e-5,4.4479147214098e-5,2.9652764809399e-5,1.9768509872933e-5,1.3179006581955e-5,8.78600438797e-6,5.8573362586467e-6,3.9048908390978e-6,2.6032605593985e-6,1.735507039599e-6,1.157004693066e-6,7.7133646204401e-7,5.1422430802934e-7,3.4281620535289e-7,2.2854413690193e-7,1.5236275793462e-7,0.0025649933367396,0.0042748873193941,0.015674383687434,0.020709156171227,0.021500779398854,0.019463636455705,0.023235324683407,0.023184891740308,0.023151269778242,0.030823530421567,0.023113912042612,0.038493300549184,0.046181334458664,0.038482231590479,0.066693089245402,0.085500327682017,0.098038486639761,0.10639725927826,0.11196977437059,0.15159326909409,0.16261958167368,0.16227578144204,0.18000082361859,0.17899305959512,0.27065732032924,0.28816366753867,0.32035369977083,0.41106579882126,0.55361706789172,0.67686505664926,0.83084735181152,0.94889156582244,1.0096334661654,1.2373651649885,1.4610032668611,1.7203856805236,2.1523613575503,2.5301163538896,3.2744122363368,3.6834031714083,3.9586286865508,4.1241581209816,3.7728305601865,3.7386737437255,3.7133376409898,3.7656989833951,4.1596913916181,4.571116719271,4.8633545133706,5.1966838645616,5.485590617823,5.8449130844992,6.5076685362754,5.5926777622568,3.8849102389602,2.6027646181146,1.7351764120764,1.1567842747176,0.77118951647841,0.51412634431894,0.34275089621263,0.22850059747508,0.15233373165006,0.10155582110004,0.067703880733358,0.045135920488905,0.03009061365927,0.02006040910618,0.013373606070787,0.0089157373805245,0.0059438249203497,0.0039625499468998,0.0026416999645999,0.0017611333097332,0.0011740888731555,0.000782725915437,0.000521817276958,0.00034787818463867,0.00023191878975911,0.00015461252650607,0.00010307501767072,6.8716678447144e-5,4.5811118964762e-5,3.0540745976508e-5,2.0360497317672e-5],"red":[0,0,0,0,0,0,0,0,0,0,0,0,0,0,0,0,0,0,0,0,0,0,0,0,0,0,0,0,0,0,0,0,0,0,0,0,0,0,0,0,0,0,0,0,0,0,0,0,0,0,0,0,0,0,0,0,0,0,0,0,0,0,0,0,0,0,0,0,0,0,0,0,0,0,0,0,0,0,0,0,0,0,0,0,0,0,0,0,0,0,0,0,0,0,0,0,0,0,0,0,0,0,0,0,0,0,0,0,0,0,0,0,0,0,0,0,0,0,0,0,0,0,0,0,0,0,0,0,0,0,0,0,0,0,0,0,0,0,0,0,0,0,0,0,0,0,0,0,0,0,0,0,0.0025648917615677,0.0017099278410451,0.0011399518940301,0.00075996792935338,0.00050664528623559,0.00033776352415706,0.00022517568277137,0.00015011712184758,0.00010007808123172,6.6718720821147e-5,4.4479147214098e-5,2.9652764809399e-5,1.9768509872933e-5,1.3179006581955e-5,8.78600438797e-6,5.8573362586467e-6,3.9048908390978e-6,2.6032605593985e-6,1.735507039599e-6,1.157004693066e-6,7.7133646204401e-7,5.1422430802934e-7,3.4281620535289e-7,2.2854413690193e-7,1.5236275793462e-7,0.0025649933367396,0.0042748873193941,0.018239275449002,0.017289300489137,0.021785767372362,0.024783411961178,0.026781841687056,0.025549236409407,0.027292391319209,0.031019386353977,0.028374266187355,0.042000203312345,0.045954377872537,0.043460710722863,0.072576967095226,0.086858021153665,0.1117680744287,0.10785564251951,0.11037713810319,0.15309640334406,0.15336210412739,0.17149348031392,0.18871084796141,0.24379225300639,0.29846743203401,0.31952820081635,0.36947719799986,0.50024241639511,0.58998412042017,0.66263638191139,0.69055208881299,0.65017004956466,0.6771114170587,0.66172873582102,0.78741287835898,0.84298849734038,1.2416886483757,1.8204055439771,2.778187670541,3.6783280479302,4.6426362629989,5.0674926066448,4.7813241980074,4.8649886774035,4.997711749848,5.1195373910446,5.3110448309232,5.5130983185943,5.5452049732457,5.6768997554274,5.9621929425225,6.6063742423834,5.6790007004214,3.9501535396879,2.6488250436947,1.7658833624631,1.1772555749754,0.78483704998362,0.52322469998908,0.34881646665938,0.23254431110626,0.1550295407375,0.10335302715834,0.068902018105557,0.045934678737038,0.030623119158026,0.020415412772017,0.013610275181345,0.0090735167875631,0.0060490111917087,0.0040326741278058,0.0026884494185372,0.0017922996123581,0.0011948664082388,0.00079657760549251,0.00053105173699501,0.00035403449133,0.00023602299422,0.00015734866281334],"green":[0,0,0,0,0,0,0,0,0,0,0,0,0,0,0,0,0,0,0,0,0,0,0,0,0,0,0,0,0,0,0,0,0,0,0,0,0,0,0,0,0,0,0,0,0,0,0,0,0,0,0,0,0,0,0,0,0,0,0,0,0,0,0,0,0,0,0,0,0,0,0,0,0,0,0,0,0,0,0,0,0,0,0,0,0,0,0,0,0,0,0,0,0,0,0,0,0,0,0,0,0,0,0,0,0,0,0,0,0,0,0,0,0,0,0,0,0,0,0,0,0,0,0,0,0,0,0,0,0,0,0,0,0,0,0,0,0,0,0,0,0,0,0,0,0,0,0,0,0.0025648917615677,0.0017099278410451,0.0011399518940301,0.00075996792935338,0.00050664528623559,0.00033776352415706,0.00022517568277137,0.00015011712184758,0.00010007808123172,6.6718720821147e-5,4.4479147214098e-5,2.9652764809399e-5,1.9768509872933e-5,1.3179006581955e-5,8.78600438797e-6,5.8573362586467e-6,3.9048908390978e-6,2.6032605593985e-6,1.735507039599e-6,1.157004693066e-6,7.7133646204401e-7,5.1422430802934e-7,3.4281620535289e-7,2.2854413690193e-7,1.5236275793462e-7,0.0025649933367396,0.0094046708425294,0.019094239369525,0.017859276436152,0.019600859575471,0.023326806763251,0.025810771555105,0.022336964559872,0.030280660275987,0.035576457420064,0.033977205326313,0.040605712548516,0.055284284409588,0.04968064841423,0.069028916938101,0.092187329666952,0.11532094677089,0.1076593323194,0.11024626463645,0.1478793708431,0.16783832479106,0.17601451056656,0.22250356926865,0.23810692450063,0.30750167183801,0.36658929553744,0.47266823047115,0.61776938151242,0.77093110096108,0.95768034205859,1.0539660267464,1.2207521536676,1.3704162813719,1.5727880369708,1.8744205052053,2.275570374764,2.2223921509404,2.6075822506218,3.2773232240218,3.4109004113772,3.6205017824078,4.0115954223952,4.0466140407022,4.4495637669522,4.8951744493337,5.0716983247943,5.2535032024739,5.4798670164846,5.702593195149,6.1229558409847,6.831534529057,5.8829702851967,4.1117821804872,2.7642721461789,1.8454129892142,1.2302753261428,0.82018355076185,0.54678903384123,0.36452602256082,0.24301734837388,0.16201156558259,0.10800771038839,0.072005140258928,0.048003426839285,0.032002284559523,0.021334856373016,0.01422323758201,0.0094821583880069,0.0063214389253379,0.004214292616892,0.0028095284112613,0.0018730189408409,0.0012486792938939,0.00083245286259594,0.00055496857506396,0.00036997905004264,0.00024665270002843,0.00016443513335229,0.00010962342223486,7.3082281489904e-5,4.872152099327e-5,3.2481013995513e-5,2.1654009330342e-5],