{"luma":[0,0,0,0,0,0,0,0,0,0,0,0,0,0,0,0,0,0,0,0,0,0,0,0,0,0,0,0,0,0,0,0,0,0,0,0,0,0,0,0,0,0,0,0,0,0,0,0,0,0,0,0,0,0,0,0,0,0,0,0,0,0,0,0,0,0,0,0,0,0,0,0,0,0,0,0,0,0,0,0,0,0,0,0,0,0,0,0,0,0,0,0,0,0,0,0,0,0,0,0,0,0,0,0,0,0,0,0,0,0,0,0,0,0,0,0,0,0,0,0,0,0,0,0,0,0,0,0,0,0,0,0,0,0,0,0,0,0,0,0,0,0,0,0,0,0,0,0,0,0,0,0,0,0,0,0,0,0,0,0,0,0,0,0,0,0,0,0,0,0,0,0,0,0,0,0,0,0,0,0,0,0,0,0.0020666708000083,0.0055111221333554,0.01194076462227,0.016227192948213,0.023218153432192,0.046478830954918,0.070252632503436,0.079901821135756,0.11733467555743,0.15055659503857,0.20370460335946,0.24740329210675,0.28480243447165,0.35106861204841,0.45311284616648,0.57900911797876,0.73734011465391,0.94209431083775,1.2315307474942,1.453421763132,1.7005493052909,2.0595680552643,2.4084474409804,2.7671006169249,3.0826695538215,3.3488489566862,3.6296354319297,3.7878930242253,3.8665313653556,3.9148235845091,3.8870849440778,3.7611256355232,3.5200857823529,3.3056591061057,2.984974299807,2.6657842181407,2.3331239239627,2.1196170777107,1.882212323409,1.6164756056075,1.4289844397397,1.2254568387609,1.0649717218416,0.96624832709542,0.82396591099766,0.77871106613269,0.75267451115606,0.70638341663819,0.69205605335968,0.81063806744118,0.9599595506958,1.084307255799,1.3449394146685,1.746027975249,2.2035540625702,2.5106381249176,2.7360275411493,2.6052199231693,2.3030810813152,1.9776549387452,1.543703743031,1.1717361138879,0.86175757045894,0.63443850017287,0.45189239131536,0.3157282898103,0.21461886814022,0.14514591622682,0.096763944151213,0.064509296100808,0.043006197400539,0.028670798267026,0.019113865511351],"red":[0,0,0,0,0,0,0,0,0,0,0,0,0,0,0,0,0,0,0,0,0,0,0,0,0,0,0,0,0,0,0,0,0,0,0,0,0,0,0,0,0,0,0,0,0,0,0,0,0,0,0,0,0,0,0,0,0,0,0,0,0,0,0,0,0,0,0,0,0,0,0,0,0,0,0,0,0,0,0,0,0,0,0,0,0,0,0,0,0,0,0,0,0,0,0,0,0,0,0,0,0,0,0,0,0,0,0,0,0,0,0,0,0,0,0,0,0,0,0,0,0,0,0,0,0,0,0,0,0,0,0,0,0,0,0,0,0,0,0,0,0,0,0,0,0,0,0,0,0,0,0,0,0,0,0,0,0,0,0,0,0,0,0,0,0,0,0,0,0,0,0,0.0020666708000083,0.0034444513333471,0.016762996488956,0.013242001792646,0.019161355195138,0.037574286396858,0.060182927864713,0.083522038709982,0.1342148495403,0.16801005676052,0.20087354890737,0.23104922687197,0.31316646951528,0.39064467674425,0.51669696369719,0.57386510126571,0.68017732937833,0.77378552692017,0.80519092994794,0.86952795209996,1.0136861694017,1.2089918460033,1.3515956552044,1.5561984137389,1.6926002527619,1.8062681909106,1.9089135367432,1.907076960098,1.8727858428678,1.8953918556478,1.8422623944342,1.779976033225,1.6619849728186,1.5791909242809,1.5115948671224,1.3879973386165,1.2869989490791,1.2114000061875,1.0783338789261,0.9730897610184,0.89052699094657,0.81275176543192,0.72576821148868,0.62437908872635,0.58158638981823,0.56959129027955,0.54919453245371,0.47152989910289,0.4652202344692,0.45068043738003,0.42445387292052,0.4131695090142,0.39324657494327,0.41303135169612,0.40348782406459,0.44879224231045,0.45212846740758,0.48948602107247,0.53505776484915,0.59850566016707,0.66147096504576,0.83364809536541,0.97529956931195,1.1503340464766,1.3414238467201,1.4750170592824,1.6033459461907,1.7591653446632,1.9250450676452,1.9922314628329,1.9564222317578,1.9966162058413,1.9738120893634,1.9338092954448,1.993940939766,2.1352955718472,2.4093323528354,2.7614905457616,3.1285296055795,3.2802221261245,3.2139501383538,2.9052349507722,2.4617576837169,1.9697724463459,1.6769156916987],"green":[0,0,0,0,0,0,0,0,0,0,0,0,0,0,0,0,0,0,0,0,0,0,0,0,0,0,0,0,0,0,0,0,0,0,0,0,0,0,0,0,0,0,0,0,0,0,0,0,0,0,0,0,0,0,0,0,0,0,0,0,0,0,0,0,0,0,0,0,0,0,0,0,0,0,0,0,0,0,0,0,0,0,0,0,0,0,0,0,0,0,0,0,0,0,0,0,0,0,0,0,0,0,0,0,0,0,0,0,0,0,0,0,0,0,0,0,0,0,0,0,0,0,0,0,0,0,0,0,0,0,0,0,0,0,0,0,0,0,0,0,0,0,0,0,0,0,0,0,0,0,0,0,0,0,0,0,0,0,0,0,0,0,0,0,0,0,0,0,0,0,0,0,0,0,0,0,0,0,0.0020666708000083,0.0013777805333388,0.0050518619555758,0.017834603570442,0.042889797713752,0.061659931275967,0.094840061650859,0.13349351496752,0.2357293034456,0.31215317896435,0.42716922411045,0.52451329554126,0.59767602636183,0.72498467064253,0.82225712496304,0.97183893064372,1.0963601840309,1.1855743653558,1.3359840014394,1.3949236761616,1.4528168298432,1.6174791844314,1.7437874538902,1.8031929172627,1.9316634039114,2.0255770782106,2.1295196104102,2.1864146070765,2.2884113996543,2.379142640173,2.5470970154525,2.7107333689724,2.9148911281193,2.9497294316836,2.9130215141928,2.882349556799,2.843301548003,2.7056693189386,2.5911811207622,2.432188823311,2.2683271759432,2.0722859040977,1.9105916608673,1.7077286419132,1.524953200877,1.3535028076527,1.2330025331031,1.1092689299366,1.0019798115588,0.93665374504025,0.92203642522802,0.92675824095326,0.96090618010355,1.0828716712708,1.2406488183159,1.4016336946129,1.7321573918785,2.0806401129894,2.2054950454628,2.3527984619121,2.3208004791444,2.1878682674322,1.8946463837565,1.5854982339723,1.249199207049,0.97953309816657,0.74808892224476,0.57312609696347,0.42135080984247,0.30156724789506,0.2155115275301,0.15194103488677,0.10336069405785,0.068907129371902,0.045938086247934,0.030625390831956,0.020416927221304,0.013611284814203],"blue":[0,0,0,0,0,0,0,0,0,0,0,0,0,0,0,0,0,0,0,0,0,0,0,0,0,0,0,0,0,0,0,0,0,0,0,0,0,0,0,0,0,0,0,0,0,0,0,0,0,0,0,0,0,0,0,0,0,0,0,0,0,0,0,0,0,0,0,0,0,0,0,0,0,0,0,0,0,0,0,0,0,0,0,0,0,0,0,0,0,0,0,0,0,0,0,0,0,0,0,0,0,0,0,0,0,0,0,0,0,0,0,0,0,0,0,0,0,0,0,0,0,0,0,0,0,0,0,0,0,0,0,0,0,0,0,0,0,0,0,0,0,0,0,0,0,0,0,0,0,0,0,0,0,0,0,0,0,0,0,0,0,0,0,0,0,0,0,0,0,0,0,0,0,0.0062000124000248,0.01240002480005,0.024800049600099,0.026866720400107,0.05924456293357,0.093229816089262,0.13448668872646,0.20745802808478,0.27263895405706,0.38429304110552,0.50006251513799,0.5607087980929,0.74580660939675,0.84027175906588,0.98384868671228,1.0692332844765,1.1654230948528,1.2150829395036,1.2667895398042,1.2867939110713,1.3393969037828,1.3723988947904,1.3778668557288,1.3877121754211,1.3653423306825,1.3070290140566,1.2247533828391,1.1368362292274,1.0823581350862,1.0295060392587,0.99633797950704,0.95975924407254,0.97670683644971,0.96527185256773,1.0382486911801,1.0744998921216,1.131734092216,1.1822902504124,1.2242610390767,1.2522415648529,1.359762093104,1.4789758736716,1.5915184601835,1.7471470123918,1.9314995417309,2.1102013395572,2.2644692750416,2.4479147265648,2.588811731447,2.8129433284357,3.0594979206952,3.2817344312684,3.3864920181838,3.5224638750609,3.5821117176455,3.6880104116356,3.7379428329622,3.4694971770453,3.245066648834,2.7978457014918,2.4418316208635,2.0618886152441,1.6597929805639,1.30492905051,1.0621530847408,0.83003563369435,0.63809059192991,0.47706049795348,0.35317373556913,0.25404919424616,0.17349947109746,0.11566631406497,0.079177546843322,0.054851702028889,0.036567801352593,0.024378534235062,0.016252356156708,0.010834904104472,0.0072232694029813,0.0048155129353209,0.0032103419568806,0.0021402279712537,0.0014268186475025]}