{"luma":[0,0,0,0,0,0,0,0,0,0,0,0,0,0,0,0,0,0,0,0,0,0,0,0,0,0,0,0,0,0,0,0,0,0,0,0,0,0,0,0,0,0,0,0,0,0,0,0,0,0,0,0,0,0,0,0,0,0,0,0,0,0,0,0,0,0,0,0,0,0,0,0,0,0,0,0,0,0,0,0,0,0,0,0,0,0,0,0,0,0,0,0,0,0,0,0,0,0,0,0,0,0,0,0,0,0,0,0,0,0,0,0,0,0,0,0,0,0,0,0,0,0,0,0,0,0,0,0,0,0,0.0036168981481481,0.0060281635802469,0.0040187757201646,0.0026791838134431,0.0054030206904435,0.003602013793629,0.002401342529086,0.0016008950193907,0.0010672633462605,0.00071150889750697,0.00047433926500464,0.00031622617666976,0.0038277155992613,0.0025518103995075,0.001701206933005,0.0047510361034848,0.0031673574023232,0.0021115716015488,0.0086415106973288,0.0057610071315526,0.011074467717331,0.010999876626369,0.010950149232394,0.010916997636411,0.010894896572422,0.010880162529763,0.021721034279101,0.032565180260142,0.028943916469724,0.033763536905742,0.044210413492717,0.069259488624774,0.078725075749849,0.092269263462863,0.12661700897524,0.1422817096872,0.17442623238406,0.18500521973752,0.25716204463983,0.3052665945747,0.36988837786462,0.38403438153937,0.43686782843366,0.48655771895577,0.54500259967422,0.59481654793096,0.63525964306508,0.72370897500635,0.76097380741164,0.80390151975591,0.78550031872616,0.80216803655818,0.82051364474249,0.80019196686536,0.80472867235469,0.85477281860683,0.85920039758974,0.93087318172649,0.91355087115099,0.94540544187844,1.0208952945856,1.0567542704645,1.0300236803097,1.0845412498361,1.218542546187,1.3187274381987,1.3565821810214,1.4613904354957,1.6180681607009,1.8888972923191,2.1309373152498,2.7046237194258,3.3511148870246,3.9376356191275,4.4986436534924,5.1402994726986,5.5753038151324,5.8797743026809,6.0321180536391,5.9311342579816,5.2489390423581,4.2479906115721,3.1755990651221,2.221956089711,1.5138561431407,1.0200881232049,0.69090944324772,0.48592458253552,0.33841731428294,0.23646223729974,0.17934288042205,0.14849710546655,0.13155015364437,0.11301838946661,0.11874837075552,0.11171766383701,0.088946035150602,0.088232541952253,0.076906185375576,0.083822873583717,0.063115712018775,0.045694039493998,0.059397878181184,0.043215483602271,0.03604411869781,0.038497005057799,0.054599855223718,0.068951986815812,0.045967991210541,0.041496021918139,0.056599199797278,0.048583494309296,0.054090385095086,0.057761645618946,0.038507763745964,0.032905638793606,0.025553990677219,0.017035993784812,0.036675616226912,0.082320781188312,0.24657612264406,0.54054148917011,0.72566770574304,0.84185138716203,0.69144259144135,0.48989691281275],"red":[0,0,0,0,0,0,0,0,0,0,0,0,0,0,0,0,0,0,0,0,0,0,0,0,0,0,0,0,0,0,0,0,0,0,0,0,0,0,0,0,0,0,0,0,0,0,0,0,0,0,0,0,0,0,0,0,0,0,0,0,0,0,0,0,0,0,0,0,0,0,0,0,0,0,0,0,0,0,0,0,0,0,0,0,0,0,0,0,0,0,0,0,0,0,0,0,0,0,0,0,0,0,0,0,0,0,0,0,0,0,0,0,0,0,0,0,0,0,0,0,0,0,0,0,0,0,0,0,0,0,0,0,0,0,0,0,0,0,0,0,0,0,0,0,0,0,0,0,0,0,0.0036168981481481,0.0024112654320988,0.0016075102880658,0.0046885716735254,0.0031257144490169,0.0020838096326779,0.0050061045699334,0.0033374030466223,0.0022249353644149,0.0014832902429432,0.00098886016196216,0.00065924010797477,0.00043949340531652,0.0039098937516925,0.0026065958344617,0.0017377305563078,0.0011584870375385,0.0043892228398405,0.0065430467080418,0.0079789292868427,0.0053192861912285,0.0035461907941523,0.0095979234923978,0.010015513809747,0.017527703650942,0.015302033915443,0.021052050388073,0.02488539470316,0.031057855728032,0.038789727892762,0.058411901928508,0.060642656841228,0.080214317523781,0.086028295015854,0.10798877075131,0.12262908790828,0.17217517897589,0.20882280450245,0.22240386040904,0.25677618471714,0.2869248638855,0.3612774555533,0.45063172962812,0.49935055123356,0.52459596934089,0.55589384067171,0.57314219007743,0.59187488597755,0.61159714620725,0.67899879191595,0.70223183349952,0.71410362974042,0.68946607723435,0.68389173667476,0.71996138926465,0.7150726391394,0.72989796312997,0.72169702171628,0.78495079225529,0.84158756520723,0.86849471939741,0.88281592404272,0.88151269936181,0.87341008661158,0.87885903922253,0.93312824837058,0.99824290632113,1.0054836968067,1.0573305663896,1.1063627387042,1.2005381220991,1.2307696276957,1.3124112332786,1.3813065629265,1.5538282178769,1.777349598955,1.8938117696737,2.1161291427454,2.5970953544229,3.109435097393,4.0514000186324,4.6866104290883,5.2909289434662,5.6033854993479,6.0142361662319,5.9445312867472,5.5761574319055,4.5565586583074,3.4355645685012,2.4133509160379,1.6450695921734,1.1618172281156,0.8179475965215,0.59231807360693,0.42019700277499,0.28736513147962,0.22774573580123,0.1626811849786,0.12292171591166,0.10726609764481,0.10044591694839,0.12121741685448,0.20016925012521,0.36131075008347,0.54831017598158,1.2806153488025],"green":[0,0,0,0,0,0,0,0,0,0,0,0,0,0,0,0,0,0,0,0,0,0,0,0,0,0,0,0,0,0,0,0,0,0,0,0,0,0,0,0,0,0,0,0,0,0,0,0,0,0,0,0,0,0,0,0,0,0,0,0,0,0,0,0,0,0,0,0,0,0,0,0,0,0,0,0,0,0,0,0,0,0,0,0,0,0,0,0,0,0,0,0,0,0,0,0,0,0,0,0,0,0,0,0,0,0,0,0,0,0,0,0,0,0,0,0,0,0,0,0,0,0,0,0,0,0,0,0,0,0.0036168981481481,0.0024112654320988,0.005224408436214,0.003482938957476,0.002321959304984,0.0051648710181375,0.003443247345425,0.0022954982302833,0.0015303321535222,0.0010202214356815,0.00068014762378765,0.0040703298973399,0.0027135532648933,0.0018090355099289,0.0012060236732859,0.0044209139303387,0.0029472759535592,0.0019648506357061,0.0049267985719522,0.0032845323813015,0.0058065864023491,0.011104853897862,0.014637032228205,0.013374919633618,0.012533511237227,0.0083556741581511,0.027271838327656,0.021798123699919,0.036233471355502,0.035006342014779,0.052272746528371,0.067400581018914,0.066635109568165,0.087826184156554,0.10918736351178,0.14874643678563,0.18596984674597,0.2180192496825,0.25385311089945,0.32476202763667,0.34309945360963,0.36255820055457,0.3936151892586,0.49750850580203,0.52698483720135,0.62259058591201,0.68632775171912,0.72520229744238,0.76196935570233,0.81541591306081,0.81487796981832,0.77111656321221,0.80342956065999,0.79965327192148,0.81522023683654,0.84729960233547,0.90847172563105,0.88053207634663,0.95956189349035,1.0303329289936,1.0485784341439,1.0209562246144,0.99169072381702,1.1060056214336,1.2400859235483,1.2969207082915,1.3709795462684,1.4058845123271,1.5991487026625,1.887135014738,2.2346525098253,2.6580264417354,3.0921854518977,3.7577821994133,4.2268316514607,4.6805903139368,5.0699016444764,5.3185918370583,5.5784246506315,5.5382495356062,5.3161536255893,4.7738477874299,3.8372237564347,2.7498447728084,1.8802495244648,1.2752010718654,0.85736784420659,0.58966305354513,0.40757629495602,0.29341891885957,0.21369710331378,0.16778302257956,0.14440743171971,0.15052509336869,0.12205145113468,0.10306902297868,0.10126476531912,0.081977436138672,0.076353012981337,0.072603397543113,0.059252959473187,0.061203361871013,0.048036037543639,0.042874719473537,0.046667637056432,0.034728656185769,0.034003131901624,0.04798704163812,0.068160342573561,0.067141617271263,0.051994874477138,0.049130842244018,0.04360458927379,0.058004911367712,0.056754431652549,0.041453185916514,0.034869253573972,0.026863067197463,0.017908711464975,0.01193914097665,0.0079594273177668,0.037858368211845,0.086726180659748,0.27121444451391,0.63292189819446,0.79087154324075,0.93595718623457],