{"luma":[0,0,0,0,0,0,0,0,0,0,0,0,0,0,0,0,0,0,0,0,0,0,0,0,0,0,0,0,0,0,0,0,0,0,0,0,0,0,0,0,0,0,0,0,0,0,0,0,0,0,0,0,0,0,0,0,0,0,0,0,0,0,0,0,0,0,0,0,0,0,0,0,0,0,0,0,0,0,0,0,0,0,0,0,0,0,0,0,0,0,0,0,0,0,0,0,0,0,0,0,0,0,0,0,0,0,0,0,0,0,0,0,0,0,0,0,0,0,0,0,0,0,0,0,0,0,0,0,0,0,0.0051297835231353,0.013679422728361,0.04246320805262,0.10012577469231,0.15652172811641,0.23002751506109,0.29698561535518,0.3954870758775,0.49193341736452,0.69217024171895,0.86156994261719,1.0334955870654,1.2199296526881,1.5904486388804,1.8143772704878,1.9816172672238,1.9828202526336,2.006706268761,2.0918823570749,2.0512005290112,2.0061250679712,1.9299067089029,1.8611402271931,1.7896469884375,1.6060455659041,1.4964690763563,1.4054638409935,1.3935266275547,1.3701791346928,1.3315301135974,1.2826800736797,1.2680676227322,1.2147228288205,1.2638010610112,1.2221380213861,1.2046222286824,1.1236929559842,1.1364272933195,1.1269626092121,1.0796145516221,1.0813927727957,1.0338453101084,0.95597894994198,0.87585423378711,0.83013243163524,0.79965123020065,0.75624640339016,0.68627158399807,0.68065997258844,0.67948379007691,0.67356988487943,0.672192173176,0.73539599274625,0.75188295484407,0.76800404643241,0.81465992548659,0.85345852014075,0.84341576524824,0.85723972941244,0.84850146319093,0.89653867936952,0.92343370663211,0.86185208019857,0.86440082252286,0.92252760282687,0.86637779451821,0.83407437250224,0.79971429901709,0.77680758336032,0.77179600663541,0.7581953884392,0.78503679430368,0.84140444130351,0.85589884678262,0.83478308262988,0.93356114403703,1.0430163449218,1.3186129280088,1.4843897410692,1.700068178667,1.7694719426468,1.8208709021564,1.9628623291487,2.0472637134306,1.8880803949802,1.6434540275553,1.2726135499184,0.94843981198005,0.7041101773106,0.55661310476703,0.48906042421013,0.68512512942623,0.53882662265432,0.39256134133659,0.2745320196989,0.18815112998907,0.12543408665938,0.083622724439586,0.055748482959724,0.037165655306483,0.024777103537655,0.016518069025103,0.011012046016736,0.0073413640111571,0.0048942426741047,0.0032628284494031,0.0021752189662688,0.0014501459775125,0.00096676398500834,0.00064450932333889,0.00042967288222593,0.00028644858815062,0.00019096572543375,0.0001273104836225,8.4873655748331e-5,5.6582437165554e-5,3.7721624777036e-5,2.5147749851357e-5,1.6765166567572e-5,1.1176777711714e-5,7.4511851411429e-6,4.967456760762e-6,3.311637840508e-6,2.2077585603386e-6,1.4718390402258e-6,9.8122602681718e-7],"red":[0,0,0,0,0,0,0,0,0,0,0,0,0,0,0,0,0,0,0,0,0,0,0,0,0,0,0,0,0,0,0,0,0,0,0,0,0,0,0,0,0,0,0,0,0,0,0,0,0,0,0,0,0,0,0,0,0,0,0,0,0,0,0,0,0,0,0,0,0,0,0,0,0,0,0,0,0,0,0,0,0,0,0,0,0,0,0,0,0,0,0,0,0,0,0,0,0,0,0,0,0,0,0,0,0,0,0,0,0,0,0,0,0,0,0,0,0,0,0,0,0,0,0,0,0,0,0,0,0,0,0,0,0.0051297835231353,0.013679422728361,0.039898316291053,0.10098073861283,0.15452681230185,0.22356778766158,0.30293869746845,0.41741003961732,0.60401461346397,0.80279952378054,0.99688019960254,1.2314278790415,1.5724652055003,1.7895638560933,1.9342962898219,1.9153644497038,1.8027124442572,1.88663439651,1.8528111530237,1.835392107556,1.7827411423924,1.8040681177045,1.7721180495377,1.5687106890218,1.458754699627,1.3726262478892,1.3280317388719,1.2752180403395,1.2605280420772,1.2276506840482,1.21855690417,1.2099294924897,1.2118725599875,1.1362211854723,1.1063060698881,1.083797767737,1.0636624494465,1.0451091203964,1.0045264249857,1.0056851040892,0.95772461335502,0.92831584462716,0.81893878715372,0.77423455821533,0.77777533182346,0.7647464969928,0.73041168949002,0.67930800844425,0.64267399598551,0.59773218692047,0.65241240900885,0.63756805516974,0.66358030393895,0.64757821021805,0.64973460654528,0.63065307000423,0.69487879849056,0.71461192496067,0.7046833167533,0.733972729277,0.75349900429281,0.78960054682412,0.80597356656029,0.84253783066674,0.86178422321458,0.86948536805667,0.94643643394195,0.90796593287728,0.87975404040592,0.84812165328385,0.79881958582522,0.77364621613751,0.73634483558649,0.72173681559875,0.7376470532226,0.76620812063614,0.82628710043025,0.83299616072594,0.8323390840666,0.89602332699957,0.93591459719331,1.059974664262,1.2914450978121,1.4303693696094,1.497336633192,1.7548674917904,1.8419133027244,1.8922491680623,1.9386308704287,1.8874754689695,1.6969134705411,1.3595510138069,1.0346119306163,0.80003163282495,0.6846830358158,0.73859345098297,0.59755619621292,0.42914949861409,0.29122944926586,0.19671785793881,0.13114523862587,0.087430159083916,0.058286772722611,0.03885784848174,0.02590523232116,0.017270154880773,0.011513436587182,0.0076756243914549,0.0051170829276366,0.0034113886184244,0.0022742590789496,0.0015161727192997,0.0010107818128665,0.00067385454191099,0.00044923636127399,0.000299490907516,0.00019966060501066,0.00013310707000711,8.8738046671406e-5,5.9158697780938e-5,3.9439131853958e-5,2.6292754569306e-5,1.7528503046204e-5,1.1685668697469e-5],"green":[0,0,0,0,0,0,0,0,0,0,0,0,0,0,0,0,0,0,0,0,0,0,0,0,0,0,0,0,0,0,0,0,0,0,0,0,0,0,0,0,0,0,0,0,0,0,0,0,0,0,0,0,0,0,0,0,0,0,0,0,0,0,0,0,0,0,0,0,0,0,0,0,0,0,0,0,0,0,0,0,0,0,0,0,0,0,0,0,0,0,0,0,0,0,0,0,0,0,0,0,0,0,0,0,0,0,0,0,0,0,0,0,0,0,0,0,0,0,0,0,0,0,0,0,0,0,0,0,0,0,0,0.0051297835231353,0.013679422728361,0.04246320805262,0.10269066645388,0.16079654771902,0.23031250303459,0.29717560733752,0.39304884543749,0.49030793040451,0.61926961442172,0.75397701390298,0.91559891621438,1.0464308769428,1.2618967721734,1.6748543372917,1.914250896042,2.0045965243132,2.0109642161678,1.9895604264551,2.0650624449683,2.0640992887456,1.9890753235118,1.856982810319,1.799699835996,1.6819995418387,1.5624944108821,1.4494807306773,1.4177414371541,1.3991467999002,1.3970099421106,1.3725013443967,1.2663910675992,1.2238646924448,1.2519413944297,1.2091017934754,1.1702824924595,1.1546625254952,1.0801269201465,1.0919939188583,1.1075999266176,1.0436220707049,1.013794625571,0.97082563629428,0.91909561758903,0.83331110322084,0.82741926220673,0.76449885768127,0.72511681309253,0.66551852379966,0.68221394969223,0.68308466657434,0.69135981978045,0.68148723801512,0.70824910973861,0.78508286807033,0.79783199720129,0.86788881889956,0.90946358317527,0.85766844808381,0.84109260035381,0.87364519514713,0.88508735796307,0.88245589946076,0.90378561964666,0.87696716491885,0.88730200447755,0.85828341285474,0.82098344277522,0.79611679605554,0.76927946452949,0.7821666113176,0.73946020727832,0.77254667352975,0.88694042111381,0.89138595017929,0.98155595611624,1.2673797684255,1.432280059016,1.5165646684606,1.7112585632151,1.8436193848129,1.8856918808366,1.9906869643661,1.9939965009183,1.888477404634,1.6206346748037,1.2804846739381,0.95112233623161,0.72641766090418,0.54840073464198,0.50923442840911,0.44208528940211,0.56660205299425,0.44442188779692,0.31423550086226,0.21718500919287,0.14479000612858,0.096526670752388,0.064351113834926,0.042900742556617,0.028600495037745,0.01906699669183,0.012711331127887,0.0084742207519244,0.0056494805012829,0.0037663203341886,0.0025108802227924,0.0016739201485283,0.0011159467656855,0.00074396451045701,0.00049597634030467,0.00033065089353645,0.0002204339290243,0.00014695595268287,9.797063512191e-5,6.531375674794e-5,4.3542504498627e-5,2.9028336332418e-5,1.9352224221612e-5,1.2901482814408e-5,8.6009885429386e-6,5.7339923619591e-6,3.8226615746394e-6,2.5484410497596e-6,1.6989606998397e-6],