{"luma":[0,0,0,0,0,0,0,0,0,0,0,0,0,0,0,0,0,0,0,0,0,0,0,0,0,0,0,0,0,0,0,0,0,0,0,0,0,0,0,0,0,0,0,0,0,0,0,0,0,0,0,0,0,0,0,0,0,0,0,0,0,0,0,0,0,0,0,0,0,0,0,0,0,0,0,0,0,0,0,0,0,0,0,0,0,0,0,0,0,0,0,0,0,0,0,0,0,0,0,0,0,0,0,0,0,0,0,0,0,0,0,0,0,0,0,0,0,0,0,0,0,0,0,0,0,0,0,0,0,0,0,0,0,0,0,0,0,0,0,0,0,0,0,0,0,0,0,0,0.0031419863637792,0.0020946575758528,0.004538424747681,0.0061676028622332,0.0041117352414888,0.0058831431914384,0.0039220954609589,0.0088987030348643,0.021642400508805,0.020712239733429,0.03580206436874,0.039577974731389,0.032669289215151,0.040631444326109,0.039655575005856,0.048430954550358,0.063707166671364,0.089601239904264,0.084870050846409,0.10370982935429,0.1131276953291,0.11312229991809,0.12568664843252,0.1309208944117,0.15012032355005,0.18177186115829,0.22172480441313,0.2263661953699,0.24202840146286,0.25875384491906,0.27304612692031,0.31713616492271,0.33396157813586,0.37974037027953,0.37569771504041,0.36357665245632,0.39948375315984,0.38885997029395,0.38806142111091,0.35925117771488,0.39031613060465,0.36389630374115,0.34942507219592,0.31778367995265,0.29668941845714,0.30147849564281,0.28581929558391,0.30994167887955,0.30088737683307,0.31998706637899,0.32643622001538,0.33073565577297,0.30218208264024,0.36797999904046,0.43069719482328,0.4253788632218,0.41869132245704,0.3985230301283,0.43220729736583,0.47665738007064,0.53142665945074,0.51766773055035,0.53991497492121,0.58616633480624,0.58872269745558,0.63127276195094,0.68477536252474,0.75186362654507,0.86257084953132,0.95836956940194,1.1164949735624,1.2313378687607,1.4524311716268,1.6343885568724,1.8405271121915,1.9968047339202,2.2832250241719,2.8197903843554,3.8624536517816,5.8394929331543,9.2280881344666,11.270354542907,10.683833936325,8.0902877575938,5.5757603808284,3.7548774235843,2.5063936020866,1.6709290680578,1.1139527120385,0.742635141359,0.49509009423934,0.33006006282622,0.22004004188415,0.1466933612561,0.097795574170733,0.065197049447155,0.043464699631437,0.028976466420958,0.019317644280639,0.012878429520426,0.0085856196802838,0.0057237464535226,0.003815830969015,0.0025438873126767,0.0016959248751178,0.0011306165834119,0.00075374438894124,0.00050249625929416],"red":[0,0,0,0,0,0,0,0,0,0,0,0,0,0,0,0,0,0,0,0,0,0,0,0,0,0,0,0,0,0,0,0,0,0,0,0,0,0,0,0,0,0,0,0,0,0,0,0,0,0,0,0,0,0,0,0,0,0,0,0,0,0,0,0,0,0,0,0,0,0,0,0,0,0,0,0,0,0,0,0,0,0,0,0,0,0,0,0,0,0,0,0,0,0,0,0,0,0,0,0,0,0,0,0,0,0,0,0,0,0,0,0,0,0,0,0,0,0,0,0,0,0,0,0,0,0,0,0,0,0,0,0,0,0,0,0,0,0,0,0,0,0,0,0,0,0,0,0,0,0,0,0,0,0,0,0,0,0,0,0,0,0,0,0,0,0,0,0,0,0,0,0,0,0,0,0,0,0,0,0,0,0,0,0,0,0,0,0,0,0,0,0,0,0,0,0,0,0.0031419863637792,0.005236643939632,0.0066330823235338,0.0075640412461351,0.0081846805278692,0.0085984400490253,0.018300238821134,0.027910091032985,0.028032686446661,0.034398389450003,0.032358218724673,0.030998104907786,0.045801294182091,0.068238032486744,0.10518976256963,0.10154637201755,0.13053730862062,0.12472870877909,0.16170213161388,0.20206101198929,0.21954097314823,0.30031798059067,0.33845938706673,0.36702897774788,0.38293338517154,0.40296228254531,0.45716070352363,0.51528688872229,0.51947582885316,0.55054633288109,0.58068596132438,0.58192712877056,0.63302635555515,0.67023449310865,0.69503991814433,0.8026944727177,1.0001436303178,1.219752020237,1.4886950817039,1.7496821014734,1.9613772843517,2.2470387790044,2.3997759390743,2.8974909942903,3.7791486447624,5.743110439079,9.2298148520558,10.885041365222,10.496082184538,9.2501923458548,7.3890275927466,5.5889775179218,4.0841714574187,2.9238680988943,2.0686408810865,1.4230817298172,0.96757307139417,0.6576166597179,0.46040501102505],"green":[0,0,0,0,0,0,0,0,0,0,0,0,0,0,0,0,0,0,0,0,0,0,0,0,0,0,0,0,0,0,0,0,0,0,0,0,0,0,0,0,0,0,0,0,0,0,0,0,0,0,0,0,0,0,0,0,0,0,0,0,0,0,0,0,0,0,0,0,0,0,0,0,0,0,0,0,0,0,0,0,0,0,0,0,0,0,0,0,0,0,0,0,0,0,0,0,0,0,0,0,0,0,0,0,0,0,0,0,0,0,0,0,0,0,0,0,0,0,0,0,0,0,0,0,0,0,0,0,0,0,0,0,0,0,0,0,0,0,0,0,0.0031419863637792,0.0020946575758528,0.0013964383839019,0.0040729452863804,0.0027152968575869,0.0049521842688371,0.0033014561792248,0.011626929877487,0.0077512865849916,0.011451497117553,0.023344263230598,0.024988801245069,0.032369132648942,0.040431339948637,0.039522172087541,0.051484005635261,0.046890615878624,0.059538287859762,0.0711120555443,0.066259955212208,0.075593167112597,0.072389349288186,0.11109929346771,0.12433797746561,0.12687979406998,0.112864406654,0.12237273322602,0.1538475085176,0.19054062386422,0.19929276894307,0.22712143687542,0.21739600488964,0.26746813811382,0.25686175117036,0.28749466290673,0.30477461770054,0.33514650574575,0.34596847201789,0.32804722528908,0.36322952292656,0.34583856528909,0.36566445716856,0.33175192296486,0.33742144410307,0.31292324758786,0.31858502112418,0.3003656322686,0.28821937303155,0.26441193505462,0.24854030973667,0.23167525346381,0.23299982807035,0.23702486417183,0.23970822157281,0.24463911287058,0.27306226464599,0.3014369915876,0.29521758530511,0.32563316445169,0.32077432630584,0.31753510087527,0.31537561725489,0.33907185241821,0.33915941070819,0.35492771472041,0.35601395830388,0.3504541479653,0.36245753955848,0.37988575971194,0.3726526549649,0.39925044877133,0.44526018858297,0.46650738936606,0.44925232625032,0.48173675993274,0.55366483087482,0.57019701453175,0.56865052484792,0.62417528627339,0.64233987570769,0.65759158836101,0.67404336952411,0.71957307363442,0.71536435970638,0.71884252314859,0.77457506696097,0.88085379617236,1.0993796414109,1.3016192927846,1.6375328543157,1.9431668741279,2.2129046009755,2.5623970158512,3.0310409363852,3.6796627576655,4.8410181415825,7.293075782452,10.388804535522,10.391480649597,8.1216085846338,5.6657646321915,3.8148802578264,2.5463954915814,1.6975969943876,1.1317313295917,0.75448755306114,0.50299170204076,0.33532780136051,0.22355186757367,0.14903457838245,0.099356385588299,0.066237590392199,0.0441583935948,0.0294389290632,0.0196259527088,0.013083968472533],