{"luma":[0,0,0,0,0,0,0,0,0,0,0,0,0,0,0,0,0,0,0,0,0,0,0,0,0,0,0,0,0,0,0,0,0,0,0,0,0,0,0,0,0,0,0,0,0,0,0,0,0,0,0,0,0,0,0,0,0,0,0,0,0,0,0,0,0,0,0,0,0,0,0,0,0,0,0,0,0,0,0,0,0,0,0,0,0,0,0,0,0,0,0,0,0,0,0,0,0,0,0,0,0,0,0,0,0,0,0,0,0,0,0,0,0,0,0,0,0,0,0,0,0,0,0,0,0,0,0,0,0,0,0,0,0,0,0,0,0,0,0,0,0,0,0,0,0,0,0.0026573129251701,0.0017715419501134,0.0064956538170824,0.0096450617283951,0.017059292852944,0.022002113602643,0.025297327435775,0.048752640059224,0.043131011740163,0.050012511228136,0.065229429254131,0.059430163720441,0.092766367650362,0.1096758777533,0.11563425863826,0.17009545813979,0.22766142787551,0.26869605395782,0.38108648495147,0.48258656819894,0.61934342641834,0.77429017543536,0.81912712375963,0.83838917094179,0.80605621600201,0.81373135488569,0.90122481482176,1.1030486860716,1.5245877294899,2.4035091665987,3.41196954644,4.145394663613,4.6928056260822,4.7122955874561,4.5392769902769,4.0678513268513,3.5489544559961,2.9266626645416,2.4001943273815,1.996069177438,1.6283318325777,1.3061115278409,1.0859833654994,0.97909095114925,0.90782934158249,0.84703503724547,0.77461774591875,0.67319329319753,0.61886355600924,0.57201447951636,0.52483788430343,0.53058920178052,0.53442341343191,0.51306373820631,0.48022276424638,0.43707027820507,0.4641055256061,0.52198871775101,0.51806050571156,0.5473294527873,0.54824089369493,0.59668015361975,0.62631568064446,0.72047746056569,1.155275790037,1.6045801185281,2.1406171878622,2.5086044857857,2.7193842830408,2.7164092499184,2.8712073570884,2.9053159591474,2.7473577482751,2.55967557368,2.3309189198683,1.9924025792319,1.6524605630254,1.1999609535815,0.87437873095912,0.5962057185986,0.40544241784124,0.27295225815267,0.18196817210178,0.12131211473452,0.080874743156345,0.053916495437563,0.035944330291709,0.023962886861139,0.015975257907426,0.010650171938284,0.0071001146255228,0.0047334097503485,0.0031556065002323,0.0021037376668216,0.001402491777881,0.00093499451858736,0.00062332967905824,0.00041555311937216,0.00027703541291477,0.00018469027527652,0.00012312685018434,8.2084566789562e-5,5.4723044526375e-5,3.648202968425e-5,2.4321353122833e-5,1.6214235415222e-5,1.0809490276815e-5,7.2063268512099e-6,4.8042179008066e-6,3.2028119338711e-6],"red":[0,0,0,0,0,0,0,0,0,0,0,0,0,0,0,0,0,0,0,0,0,0,0,0,0,0,0,0,0,0,0,0,0,0,0,0,0,0,0,0,0,0,0,0,0,0,0,0,0,0,0,0,0,0,0,0,0,0,0,0,0,0,0,0,0,0,0,0,0,0,0,0,0,0,0,0,0,0,0,0,0,0,0,0,0,0,0,0,0,0,0,0,0,0,0,0,0,0,0,0,0,0,0,0,0,0,0,0,0,0,0,0,0,0,0,0,0,0,0,0,0,0,0,0,0,0,0,0,0,0,0,0,0,0,0,0,0,0,0,0,0,0,0,0,0,0,0,0,0,0,0,0,0,0,0,0,0,0,0,0,0,0,0,0,0,0,0,0,0,0,0,0,0,0,0,0,0,0,0.0026573129251701,0.0017715419501134,0.0011810279667423,0.0034446649029982,0.0022964432686655,0.0041882751042804,0.0027921834028536,0.0071760814522425,0.010098680151835,0.0093897663597268,0.016889095940498,0.021888648994346,0.022564371438407,0.023014853067782,0.039259051705052,0.044773891612892,0.056422390326962,0.072159994911852,0.077337105451439,0.07547388662749,0.076889053670027,0.093776375916073,0.11034921659711,0.12936971582664,0.21379749762593,0.24616686916558,0.32355002162059,0.44688623890352,0.60882977151391,0.80714076604329,0.9340334698792,1.162123503729,1.5639709412615,2.0311677023376,2.8262631621026,3.9568795230344,5.1889400901862,6.6666700941377,7.6730819335068,7.8657068332222,7.4041999636447,6.772336540389,6.1199080337287,5.6557252537783,5.2851518698658,4.7404838996384,4.3029671575821,3.7269568465513,3.0453309249118,2.3437835417779,1.7724500822737,1.2932405310396,0.96845287103321,0.73332657388609,0.55265989279481,0.42424349995844,0.3359752584757,0.25587126075251,0.20512590852888,0.16066642201245,0.11774019970898,0.094437344023674,0.068272855199456,0.048172549724808,0.037429659000212,0.027610418925311,0.021064258875378,0.016700152175422,0.013790747708785,0.011851144731026,0.0079007631540177,0.0052671754360118,0.0035114502906745,0.0023409668604497,0.0015606445736331,0.0010404297157554,0.00069361981050361,0.0004624132070024],"green":[0,0,0,0,0,0,0,0,0,0,0,0,0,0,0,0,0,0,0,0,0,0,0,0,0,0,0,0,0,0,0,0,0,0,0,0,0,0,0,0,0,0,0,0,0,0,0,0,0,0,0,0,0,0,0,0,0,0,0,0,0,0,0,0,0,0,0,0,0,0,0,0,0,0,0,0,0,0,0,0,0,0,0,0,0,0,0,0,0,0,0,0,0,0,0,0,0,0,0,0,0,0,0,0,0,0,0,0,0,0.0079719387755102,0.01062925170068,0.015058106575964,0.018010676492819,0.04389487276392,0.061151003611321,0.069997777917751,0.062609062829521,0.065655191546212,0.078315195724685,0.084097885585164,0.072009134607797,0.063949967289551,0.074521066628408,0.092197717888327,0.10132483913644,0.13132540296171,0.13803921421937,0.17971746934352,0.2367334149365,0.34117686846107,0.450665531355,0.53694453791013,0.59180656268839,0.60180811662219,0.62441969679575,0.59431976385023,0.59019701943757,0.59542046193797,0.63876245081579,0.73674724612209,1.0040262253059,1.3974545583672,1.8802970865305,2.3244284998639,2.7002354965079,3.0942683922297,3.3915020574049,3.4195898069774,3.1991568100938,2.9299650842802,2.753161246663,2.4758532460746,2.2989531844579,2.0215810345366,1.8047785128203,1.5645802330367,1.3300432846095,1.1550841285152,1.0092142489421,0.9146249754852,0.83296426937108,0.76789454692766,0.68996966393817,0.63004780316966,0.53163901163692,0.51652209619332,0.49050027501323,0.47315239422651,0.43501401111699,0.44944811625487,0.44312697546243,0.42562631697495,0.3900433949901,0.37163607285055,0.36733646353302,0.34321155391997,0.30852709036842,0.30931993099391,0.29390461385989,0.3048862391719,0.29626344516222,0.28785760289726,0.27428176927845,0.27054583938291,0.26008328067704,0.25842286739014,0.26528786397438,0.25657796373802,0.24811405065528,0.27967382288583,0.29008441933885,0.29436750404903,0.32645333603269,0.32924270021227,0.32578765048165,0.31019771936872,0.3529506904635,0.33893566439063,0.31364843612437,0.31007684857271,0.31832504190561,0.3317957762364,0.33546163993991,0.35650673955178,0.39710993521139,0.37368978673957,0.37933485782638,0.46813225215636,0.54061707966887,0.57831104630986,0.62204154788004,0.68839759654588,0.76983734327548,1.1137776166054,1.6353755539274,2.2860411856115,2.7331048380267,2.8982816267117,2.7081231252908,2.4245693284251,2.1239263209909,2.0563632956266,1.9023714487851,1.6854457617751,1.373417922816,0.99267402337396,0.67772655980033,0.46244695823423,0.30829797215615,0.20553198143744,0.13702132095829,0.091347547305527,0.060898364870352,0.040598909913568,0.027065939942378,0.018043959961586,0.012029306641057,0.0080195377607047,0.0053463585071365,0.0035642390047577,0.0023761593365051,0.0015841062243367,0.0010560708162245,0.00070404721081633,0.00046936480721088,0.00031290987147392,0.00020860658098262,0.00013907105398841,9.2714035992274e-5,6.1809357328182e-5,4.1206238218788e-5,2.7470825479192e-5,1.8313883652795e-5,1.220925576853e-5,8.1395038456866e-6,5.4263358971244e-6],