{"luma":[0,0,0,0,0,0,0,0,0,0,0,0,0,0,0,0,0,0,0,0,0,0,0,0,0,0,0,0,0,0,0,0,0,0,0,0,0,0,0,0,0,0,0,0,0,0,0,0,0,0,0,0,0,0,0,0,0,0,0,0,0,0,0,0,0,0,0,0,0,0,0,0,0,0,0,0,0,0,0,0,0,0,0,0,0,0,0,0,0,0,0,0,0,0,0,0,0,0,0,0,0,0,0,0,0,0,0,0,0,0,0,0,0,0,0,0,0,0,0,0,0,0,0,0,0,0,0,0,0,0,0,0,0,0,0,0,0,0,0,0,0,0,0,0,0,0,0,0,0,0,0,0,0,0,0,0,0,0,0,0,0,0,0,0,0,0,0,0,0,0,0,0,0,0,0,0,0,0,0.0027054081108135,0.001803605407209,0.001202403604806,0.000801602403204,0.000534401602136,0.00035626773475734,0.00023751182317156,0.0028637493262612,0.004614574328321,0.0030763828855473,0.0074617381453253,0.007679900207697,0.0078253415826115,0.016038526831662,0.021513983664362,0.027869696330309,0.02669602188598,0.034029796588868,0.060562244610634,0.094482991956693,0.12250763974236,0.18988808426078,0.26727327793616,0.32697963138551,0.45335692656445,0.51596519179724,0.57664189206145,0.64414710667907,0.71079384797732,0.74981419262119,0.74877367460897,0.73184754726928,0.73679591104103,0.67787043367348,0.72245443353034,0.87392046508819,1.0019519005682,1.2388090450938,1.4724652352136,1.5876549069646,1.8457103648898,2.3153422290294,2.6419571790099,3.1004818008593,4.0662844611307,5.0807938124931,5.8437064396141,6.5119339362327,6.8221485284378,6.9586176456934,7.0577132815295,7.2319933631862,7.0532906002119,5.7654191210243,4.2196644747526,2.9050935256028,1.9664885062874,1.3136977456358,0.87579849709052,0.58386566472701,0.38924377648468,0.25949585098978,0.17299723399319,0.11533148932879,0.076887659552529,0.051258439701686,0.034172293134457,0.022781528756305,0.015187685837536,0.010125123891691,0.0067500825944607,0.0045000550629738,0.0030000367086492,0.0020000244724328,0.0013333496482885,0.00088889976552568,0.00059259984368379,0.00039506656245586],"red":[0,0,0,0,0,0,0,0,0,0,0,0,0,0,0,0,0,0,0,0,0,0,0,0,0,0,0,0,0,0,0,0,0,0,0,0,0,0,0,0,0,0,0,0,0,0,0,0,0,0,0,0,0,0,0,0,0,0,0,0,0,0,0,0,0,0,0,0,0,0,0,0,0,0,0,0,0,0,0,0,0,0,0,0,0,0,0,0,0,0,0,0,0,0,0,0,0,0,0,0,0,0,0,0,0,0,0,0,0,0,0,0,0,0,0,0,0,0,0,0,0,0,0,0,0,0,0,0,0,0,0,0,0,0,0,0,0,0,0,0,0,0,0,0,0,0,0,0,0,0,0,0,0,0,0,0,0,0,0,0,0,0,0,0,0,0,0,0,0,0,0,0,0,0,0,0,0,0,0,0,0,0,0,0,0,0,0.0027054081108135,0.001803605407209,0.001202403604806,0.000801602403204,0.000534401602136,0.00035626773475734,0.00023751182317156,0.0028637493262612,0.004614574328321,0.0030763828855473,0.0020509219236982,0.0067780975040925,0.0072241397802085,0.010226909408433,0.014934163938062,0.026188557956923,0.025575262970389,0.035988032089287,0.05645691872262,0.078219067477283,0.11978124775519,0.17183804093779,0.28229399682896,0.36404752508885,0.48618508003245,0.55408307610745,0.62640248793225,0.69084787781367,0.74192769540038,0.77327549901405,0.76711995364836,0.71431891074325,0.66829658302993,0.61597176633454,0.58379396331509,0.59480699196522,0.58591656240043,0.61786532290862,0.68786184257539,0.89143985944709,1.3328696538835,1.8111239350431,2.4275550146723,2.9575470246342,3.6328185964623,4.3616566797615,5.9892309580576,7.5828972017546,8.1583679042728,8.788207177369,8.6589021796047,8.0207955931558,7.1327664152408,5.5181026974099,3.8924623723609,2.6355560365695,1.7597427658238,1.1731618438825,0.78210789592168,0.52140526394779,0.34760350929853,0.23173567286568,0.15449044857712,0.10299363238475,0.068662421589832,0.045774947726555,0.030516631817703,0.020344421211802,0.013562947474535,0.0090419649830232],"green":[0,0,0,0,0,0,0,0,0,0,0,0,0,0,0,0,0,0,0,0,0,0,0,0,0,0,0,0,0,0,0,0,0,0,0,0,0,0,0,0,0,0,0,0,0,0,0,0,0,0,0,0,0,0,0,0,0,0,0,0,0,0,0,0,0,0,0,0,0,0,0,0,0,0,0,0,0,0,0,0,0,0,0,0,0,0,0,0,0,0,0,0,0,0,0,0,0,0,0,0,0,0,0,0,0,0,0,0,0,0,0,0,0,0,0,0,0,0,0,0,0,0,0,0,0,0,0,0,0,0,0,0,0,0,0,0,0,0,0,0,0,0,0,0,0,0,0,0,0,0,0,0,0,0,0,0,0,0,0,0,0,0,0,0,0,0,0,0,0,0,0,0,0,0,0,0,0,0,0,0.0027054081108135,0.001803605407209,0.001202403604806,0.000801602403204,0.000534401602136,0.00035626773475734,0.00023751182317156,0.0028637493262612,0.004614574328321,0.0030763828855473,0.0074617381453253,0.007679900207697,0.0078253415826115,0.016038526831662,0.024219391775175,0.021557077405077,0.025193017379972,0.033027793584863,0.04907261016471,0.07870701132697,0.098463278768476,0.14950983728087,0.21871118172971,0.25943459514064,0.32987006718761,0.43093521076853,0.49831197315581,0.57569471207709,0.65433728579941,0.70135485205933,0.76245938545156,0.74908757883011,0.73205681675004,0.75046246458227,0.78437616135693,0.86109345475631,0.98528433601453,1.2087594786156,1.4416105584516,1.648247365781,1.8752837049908,2.2322522808859,2.4648205152609,2.914755488923,3.6042909059881,4.7349223955133,5.9404798763693,6.2058086495548,6.0878050142664,6.0172521484066,6.1650062884786,6.5962742461567,6.8513213206123,6.6804712816202,5.3816025030892,3.9177947915787,2.6984362539318,1.831422399951,1.2236536747448,0.81576911649654,0.54384607766436,0.36256405177624,0.24170936785083,0.16113957856722,0.10742638571148,0.071617590474319,0.047745060316213,0.031830040210808,0.021220026807206,0.014146684538137,0.0094311230254247,0.0062874153502831,0.0041916102335221,0.0027944068223481,0.0018629378815654,0.0012419585877102,0.00082797239180683],"blue":[0,0,0,0,0,0,0,0,0,0,0,0,0,0,0,0,0,0,0,0,0,0,0,0,0,0,0,0,0,0,0,0,0,0,0,0,0,0,0,0,0,0,0,0,0,0,0,0,0,0,0,0,0,0,0,0,0,0,0,0,0,0,0,0,0,0,0,0,0,0,0,0,0,0,0,0,0,0,0,0,0,0,0,0,0,0,0,0,0,0,0,0,0,0,0,0,0,0,0,0,0,0,0,0,0,0,0,0,0,0,0,0,0,0,0,0,0,0,0,0,0,0,0,0,0,0,0,0,0,0,0,0,0,0,0,0,0,0,0,0,0,0,0,0,0,0,0,0,0,0,0,0,0,0,0,0,0,0,0,0,0,0,0,0,0,0,0,0,0,0.0027054081108135,0.001803605407209,0.001202403604806,0.000801602403204,0.000534401602136,0.00035626773475734,0.00023751182317156,0.0028637493262612,0.004614574328321,0.0084871991071744,0.0083635408489298,0.0082811020101,0.013636959005841,0.022618346557961,0.028605938259375,0.027186849838691,0.026240790891568,0.058074982256581,0.090119408943178,0.11418776817839,0.18163609510732,0.23742327883653,0.32601748876146,0.41754519270784,0.49209070255949,0.56072556590296,0.6524740793491,0.72987220364474,0.83557911539144,0.8384151871189,0.81054641238492,0.94888089965612,0.99511195328643,0.97723530971199,1.0004878527696,1.1647869942361,1.2986684282111,1.3500470039763,1.5033373446956,1.7110418214969,2.2904929947603,2.6930262256009,3.3374334402309,3.9239519204115,4.5070482163997,5.1798469320272,5.6824875713285,6.04193000386,6.4330611464199,6.6072421819138,6.5718600180375,6.862099249641,6.2358534131335,4.9526255933348,3.6263993688542,2.5041726387821,1.6965025069629,1.1337070794194,0.75580471961294,0.50386981307529,0.33591320871686,0.22394213914458,0.14929475942972,0.099529839619811,0.066353226413208,0.044235484275472,0.029490322850314,0.019660215233543,0.013106810155695,0.0087378734371302,0.0058252489580868,0.0038834993053912,0.0025889995369275,0.001725999691285,0.0011506664608567,0.00076711097390444,0.00051140731593629,0.00034093821062419,0.00022729214041613,0.00015152809361075,0.00010101872907384,6.7345819382557e-5,4.4897212921705e-5,2.9931475281136e-5,1.9954316854091e-5,1.3302877902727e-5,8.8685852684848e-6]}