{"luma":[0,0,0,0,0,0,0,0,0,0,0,0,0,0,0,0,0,0,0,0,0,0,0,0,0,0,0,0,0,0,0,0,0,0,0,0,0,0,0,0,0,0,0,0,0,0,0,0,0,0,0,0,0,0,0,0,0,0,0,0,0,0,0,0,0,0,0,0,0,0,0,0,0,0,0,0,0,0,0,0,0,0,0,0,0,0,0,0,0,0,0,0,0,0,0,0,0,0,0,0,0,0,0,0,0,0,0,0,0,0,0,0,0,0,0,0,0,0,0,0,0,0,0,0,0,0,0,0,0,0,0,0,0,0.0025648917615677,0.0042748196026128,0.0028498797350752,0.0070297033465188,0.0046864688976792,0.0031243125984528,0.0072126585887705,0.0048084390591803,0.0032056260394536,0.012396651072573,0.015959109333085,0.015769189745192,0.013077684925029,0.021542915424524,0.034881077708891,0.046338077660036,0.061670752912169,0.069327644652024,0.082126914429963,0.106049111518,0.12969191819472,0.15571335635881,0.18845033237094,0.21283987480726,0.25987827090362,0.32714568629647,0.33095236170663,0.34374971235966,0.40870889821618,0.49561818206717,0.59203108105802,0.65117656352878,0.71625580279163,0.81093979753155,0.8817571359762,0.936663370224,1.0168706863359,1.1985868184888,1.2838224219288,1.4458067197798,1.6666514891894,2.0139428928647,2.4609214032867,2.6922198911005,2.9669687957701,3.3245473720031,3.6732234352392,4.221155830736,4.5197569085998,4.7393434279349,4.6548941822839,4.4677852053433,3.8762355867775,3.1997310806279,2.6820408907274,2.2394482105209,2.0059438259941,1.8220604269324,1.7430746541712,1.6057760441987,1.6630073597212,1.7396349464931,2.129285716868,2.9712833269938,2.8221400491234,2.3738859176366,1.9519350254235,1.7321918328923,2.2448735539278,2.2019276037163,1.5320740298501,1.0470316041824,0.70315085297806,0.46876723531871,0.31251149021247,0.20834099347498,0.13889399564999,0.092595997099992,0.061730664733328,0.041153776488885,0.02743585099259,0.018290567328393,0.012193711552262,0.0081291410348415,0.005419427356561,0.0036129515710407,0.0024086343806938,0.0016057562537959,0.0010705041691972,0.00071366944613149,0.00047577963075433,0.00031718642050289,0.00021145761366859,0.00014097174244573,9.3981161630485e-5,6.2654107753656e-5,4.1769405169104e-5,2.7846270112736e-5,1.8564180075157e-5,1.2376120050105e-5,8.25074670007e-6,5.5004978000466e-6,3.6669985333644e-6,2.4446656889096e-6,1.6297771259397e-6,1.0865180839598e-6,7.2434538930655e-7,4.8289692620437e-7,3.2193128413625e-7,2.1462085609083e-7,1.4308057072722e-7,9.538704715148e-8,6.3591364767654e-8,4.2394243178436e-8,2.8262828785624e-8,1.8841885857083e-8,1.2561257238055e-8,8.3741714920367e-9,5.5827809946911e-9,3.7218539964608e-9,2.4812359976405e-9,1.6541573317603e-9,1.1027715545069e-9],"red":[0,0,0,0,0,0,0,0,0,0,0,0,0,0,0,0,0,0,0,0,0,0,0,0,0,0,0,0,0,0,0,0,0,0,0,0,0,0,0,0,0,0,0,0,0,0,0,0,0,0,0,0,0,0,0,0,0,0,0,0,0,0,0,0,0,0,0,0,0,0,0,0,0,0,0,0,0,0,0,0,0,0,0,0,0,0,0,0,0,0,0,0,0,0,0,0,0,0,0,0,0,0,0,0,0,0,0,0,0,0,0,0,0,0,0,0,0,0,0,0,0,0,0,0,0,0,0,0,0,0,0,0,0,0,0,0.0025648917615677,0.0017099278410451,0.0011399518940301,0.003324859690921,0.0022165731272807,0.0066074989413225,0.004404999294215,0.0029366661961433,0.0070875609872309,0.0047250406581539,0.0057149188670036,0.016634404719174,0.018784278430819,0.012522852287213,0.01347835171461,0.026939810140714,0.038479007519684,0.048736697533898,0.07096450811278,0.078088373213999,0.087967400137947,0.12276722746449,0.12288308649474,0.16656348579489,0.22133266961067,0.25528056705962,0.26508803988442,0.34344332442484,0.34181745379221,0.36381756589122,0.49133954479955,0.55583506331255,0.60652675093926,0.63262653407236,0.7551869517187,0.8497183556241,0.87683080689909,0.96159296021651,1.0617042223748,1.1643535484756,1.2533055666353,1.4126376907762,1.6496685867102,2.0051858496402,2.4756025085628,2.743045562803,2.9905930098588,3.2659149869768,3.5469288586617,4.0471882346962,4.4422518876634,4.6979329810236,4.5708595989219,4.2681282111208,3.6148863358842,2.9408568185673,2.3735187859906,1.9311711369003,1.5901046524652,1.2909100268512,1.201737288856,1.1294643380513,1.2274812012576,1.390291663668,1.5065266472263,1.6814825232047,2.0289600323981,2.3375584580407,2.658710871073,3.0113166348858,2.4615302650547,2.0719219926465,2.4405816259584,2.3118805176442,1.5848568383761,1.0770903596766,0.71806023978441,0.47870682652294,0.31913788434863,0.21275858956575,0.1418390597105,0.094559373140334,0.063039582093556,0.042026388062371,0.02801759204158,0.018678394694387,0.012452263129591,0.0083015087530609,0.0055343391687073,0.0036895594458048,0.0024597062972032,0.0016398041981355,0.001093202798757,0.00072880186583799,0.00048586791055866,0.00032391194037244,0.00021594129358163,0.00014396086238775,9.5973908258501e-5,6.3982605505667e-5,4.2655070337112e-5,2.8436713558074e-5,1.8957809038716e-5,1.2638539359144e-5,8.4256929060961e-6,5.6171286040641e-6,3.7447524027094e-6,2.4965016018063e-6,1.6643344012042e-6,1.1095562674694e-6,7.3970417831296e-7,4.9313611887531e-7,3.2875741258354e-7,2.1917160838903e-7,1.4611440559268e-7,9.7409603728456e-8,6.4939735818971e-8,4.3293157212647e-8,2.8862104808431e-8,1.9241403205621e-8,1.2827602137081e-8],"green":[0,0,0,0,0,0,0,0,0,0,0,0,0,0,0,0,0,0,0,0,0,0,0,0,0,0,0,0,0,0,0,0,0,0,0,0,0,0,0,0,0,0,0,0,0,0,0,0,0,0,0,0,0,0,0,0,0,0,0,0,0,0,0,0,0,0,0,0,0,0,0,0,0,0,0,0,0,0,0,0,0,0,0,0,0,0,0,0,0,0,0,0,0,0,0,0,0,0,0,0,0,0,0,0,0,0,0,0,0,0,0,0,0,0,0,0,0,0,0,0,0,0,0,0,0,0,0,0,0,0,0,0,0,0,0.0025648917615677,0.0042748196026128,0.0028498797350752,0.0070297033465188,0.0046864688976792,0.0031243125984528,0.0072126585887705,0.0048084390591803,0.0032056260394536,0.0098317593110054,0.01424918149204,0.01719412961273,0.014027644836721,0.022176222032319,0.032738390352519,0.042344727660888,0.061573411340971,0.069262750271225,0.074388976224728,0.10345537780941,0.12026808710429,0.14173612701382,0.18682685475898,0.20919266463772,0.23692766336472,0.32210484831681,0.33272158657665,0.33210473679851,0.41377003998325,0.50412206010169,0.58487587427319,0.62845218334125,0.70623599952308,0.79656525340115,0.84139540541712,0.90975554985128,1.0245810570364,1.1729483644837,1.2795545780666,1.4378317070151,1.5972125199738,1.9599555714363,2.4146702886214,2.6767751652264,2.897679801338,3.2296217655786,3.543252511822,4.0934702802729,4.4679768011915,4.7458616245144,4.6823236725243,4.5296746921169,3.9636632963348,3.3118789473257,2.808103970424,2.310665804844,2.0585520057327,1.9084303819894,1.6903642784618,1.5552464431563,1.5882826908413,1.4641080255552,1.627554524475,2.0981685954692,2.7479121302307,2.6193631909551,2.2104875361471,1.8301783122893,1.6894940672264,2.2446221861945,2.1889355664196,1.5003286457981,1.0207382312913,0.6804921541942,0.45366143612947,0.30244095741964,0.20162730494643,0.13441820329762,0.089612135531746,0.059741423687831,0.039827615791887,0.026551743861258,0.017701162574172,0.011800775049448,0.0078671833662987,0.0052447889108658,0.0034965259405772,0.0023310172937181,0.0015540115291454,0.0010360076860969,0.0006906717907313,0.00046044786048753,0.00030696524032502,0.00020464349355001,0.00013642899570001,9.0952663800007e-5,6.0635109200004e-5,4.0423406133336e-5,2.6948937422224e-5,1.7965958281483e-5,1.1977305520989e-5,7.9848703473257e-6,5.3232468982171e-6,3.5488312654781e-6,2.3658875103187e-6,1.5772583402125e-6,1.0515055601417e-6,7.010037067611e-7,4.673358045074e-7,3.1155720300493e-7,2.0770480200329e-7,1.3846986800219e-7,9.2313245334795e-8,6.154216355653e-8,4.1028109037687e-8,2.7352072691791e-8,1.8234715127861e-8,1.2156476751907e-8,8.1043178346048e-9,5.4028785564032e-9,3.6019190376021e-9,2.4012793584014e-9],