{"luma":[0,0,0,0,0,0,0,0,0,0,0,0,0,0,0,0,0,0,0,0,0,0,0,0,0,0,0,0,0,0,0,0,0,0,0,0,0,0,0,0,0,0,0,0,0,0,0,0,0,0,0,0,0,0,0,0,0,0,0,0,0,0,0,0,0,0,0,0,0,0,0,0,0,0,0,0,0,0,0,0,0,0,0,0,0,0,0,0,0,0,0,0,0,0,0,0,0,0,0,0,0,0,0,0,0,0,0,0,0,0,0,0,0,0,0,0,0,0,0,0,0,0,0,0,0,0,0,0,0,0,0,0,0,0,0,0,0,0,0,0,0,0,0,0,0,0,0,0,0,0,0,0.0024350451700879,0.0016233634467253,0.0010822422978168,0.0031565400352991,0.0069744503637086,0.0046496335758057,0.0055348008872917,0.0085599575983703,0.0081416835690014,0.010297879386177,0.0093002980942057,0.013505334239734,0.016308691670087,0.013307506283479,0.011306716025741,0.017277991364179,0.021258841589804,0.023912741740221,0.028117053677254,0.045530199322469,0.037658601725243,0.042151050674111,0.050016106980198,0.055259477850923,0.049014877751055,0.04485181101781,0.03720634285547,0.061329906121632,0.045756694421264,0.0524198694783,0.049556850672728,0.057388352149364,0.057739262793613,0.057973203223112,0.048388982829093,0.049304638076677,0.0499150749084,0.052757077966303,0.059521837011748,0.051856450524938,0.054051328377329,0.053079535108834,0.052431672929838,0.051999764810508,0.041971645383935,0.042591367943151,0.030829290465522,0.032728086160787,0.021818724107192,0.019415906411637,0.025119163458197,0.016746108972132,0.018469208158351,0.022052986119253,0.029312261766696,0.021976553014552,0.024391216023386,0.018695855852345,0.022204084581915,0.017237768224698,0.021232026163484,0.019024774449165,0.022423363646462,0.017383954267729,0.028634619035768,0.023959836364021,0.020843314582857,0.021200678565501,0.026309011560774,0.032149612061043,0.033608300557802,0.041885895065904,0.04740429140464,0.041343041616778,0.034867163254782,0.050030272374155,0.055268921446895,0.083111805862933,0.23073112282162,0.62865455671489,1.281109028021,2.2542236581479,3.8014984126616,6.8029664582718,14.161044529539,19.723892106307,15.50395008368,10.79132016926,7.3719717435895,4.9657837776315,3.3251327894415,2.2191902381311,1.4794601587541,0.98630677250271,0.65753784833514,0.43835856555676,0.29223904370451,0.19482602913634,0.12988401942423,0.086589346282817,0.057726230855211,0.038484153903474,0.025656102602316,0.017104068401544,0.011402712267696],"red":[0,0,0,0,0,0,0,0,0,0,0,0,0,0,0,0,0,0,0,0,0,0,0,0,0,0,0,0,0,0,0,0,0,0,0,0,0,0,0,0,0,0,0,0,0,0,0,0,0,0,0,0,0,0,0,0,0,0,0,0,0,0,0,0,0,0,0,0,0,0,0,0,0,0,0,0,0,0,0,0,0,0,0,0,0,0,0,0,0,0,0,0,0,0,0,0,0,0,0,0,0,0,0,0,0,0,0,0,0,0,0,0,0,0,0,0,0,0,0,0,0,0,0,0,0,0,0,0,0,0,0,0,0,0,0,0,0,0,0,0,0,0,0,0,0,0,0,0,0,0,0,0,0,0.0024350451700879,0.0016233634467253,0.0010822422978168,0.00072149486521123,0.0029160417468954,0.0043790730013515,0.0077894723410768,0.010063071900894,0.0091437597706837,0.0085308850172104,0.0056872566781402,0.011096639962357,0.014702895485169,0.012236975493534,0.010593028832444,0.019237245072069,0.020129965558309,0.018290067379049,0.026803649273227,0.0349144157061,0.025711322307488,0.04636142357938,0.045517886740114,0.04495552884727,0.056755849435814,0.050012458807649,0.035776684375187,0.055506710127934,0.044309608928886,0.056325236156891,0.052160428458455,0.06155911584327,0.05321463641262,0.052521740465695,0.047189719494236,0.048505129186773,0.051817114151885,0.058895194468802,0.063613914680081,0.057019547473915,0.052623302669804,0.047257427630309,0.05342035828433,0.057528978720345,0.050527878330669,0.048295523240974,0.03463206066407,0.032828221123065,0.02188548074871,0.024330501179492,0.028395559970101,0.0189303733134,0.017490339215776,0.016530316484027,0.023195436839791,0.020333714900036,0.028166080953885,0.021212432472678,0.023881802328804,0.020791291892711,0.021165996772071,0.01898075485489,0.01995897208019,0.015741026556882,0.025104288725115,0.01673619248341,0.01846259716587,0.022048578790932,0.026874278377727,0.025221321095415,0.02898943991405,0.046111790147,0.045351464451861,0.039974490314926,0.041259931230478,0.039681846670758,0.033759699957436,0.051727008679345,0.051529988643512,0.048963596782869,0.081343301257004,0.27094788764249,0.84296421135891,2.0181331526185,5.5531801556576,12.743442820308,17.704969380145,17.951801974568,13.20730597462,8.9655836309727,6.0330617928938,4.0390865114531,2.6927243409688,1.7951495606458,1.1967663737639,0.79784424917593,0.53189616611729,0.35459744407819,0.23639829605213,0.15759886403475,0.1050659093565,0.070043939571001,0.046695959714],"green":[0,0,0,0,0,0,0,0,0,0,0,0,0,0,0,0,0,0,0,0,0,0,0,0,0,0,0,0,0,0,0,0,0,0,0,0,0,0,0,0,0,0,0,0,0,0,0,0,0,0,0,0,0,0,0,0,0,0,0,0,0,0,0,0,0,0,0,0,0,0,0,0,0,0,0,0,0,0,0,0,0,0,0,0,0,0,0,0,0,0,0,0,0,0,0,0,0,0,0,0,0,0,0,0,0,0,0,0,0,0,0,0,0,0,0,0,0,0,0,0,0,0,0,0,0,0,0,0,0,0,0,0,0,0,0,0,0,0,0,0,0,0,0,0,0,0,0,0,0,0,0,0,0.0024350451700879,0.0016233634467253,0.0010822422978168,0.0031565400352991,0.0069744503637086,0.0046496335758057,0.0055348008872917,0.0085599575983703,0.0081416835690014,0.010297879386177,0.0093002980942057,0.013505334239734,0.016308691670087,0.013307506283479,0.011306716025741,0.017277991364179,0.021258841589804,0.023912741740221,0.030552098847341,0.044718517599107,0.037117480576335,0.044225348411593,0.048963926968432,0.054558024509746,0.04854724219027,0.044540053977286,0.036998504828455,0.061191347436955,0.045664321964812,0.052358287840666,0.049515796247638,0.057360982532638,0.057721016382462,0.057961038949011,0.048380873313026,0.049299231732632,0.049911470679037,0.052754675146728,0.059520235132031,0.051855382605127,0.054050616430788,0.053079060477807,0.052431356509153,0.051999553863384,0.04197150475252,0.042591274188874,0.030829227962671,0.03272804449222,0.021818696328147,0.019415887892274,0.025119151111955,0.016746100741303,0.018469202671133,0.022052982461107,0.029312259327932,0.021976551388709,0.024391214939491,0.018695855129749,0.022204084100184,0.017237767903544,0.021232025949381,0.01902477430643,0.022423363551305,0.017383954204291,0.028634618993476,0.023959836335827,0.02084331456406,0.02120067855297,0.02630901155242,0.032149612055474,0.033608300554089,0.041885895063429,0.047404291402989,0.041343041615678,0.032432118083961,0.041101773416677,0.046881543638488,0.058039859296626,0.087394142932842,0.17514493011945,0.63299286280493,1.5080253877292,3.5037066029963,6.9575201348244,14.405312933772,20.17894312954,15.960725278217,11.132362643169,7.5993333928625,5.1173582104802,3.4261824113407,2.2865566527305,1.5243711018204,1.0162474012136,0.67749826747571,0.45166551165047,0.30111034110032,0.20074022740021,0.13382681826681,0.089217878844538,0.059478585896359,0.039652390597573,0.026434927065048,0.017623284710032],