{"luma":[0,0,0,0,0,0,0,0,0,0,0,0,0,0,0,0,0,0,0,0,0,0,0,0,0,0,0,0,0,0,0,0,0,0,0,0,0,0,0,0,0,0,0,0,0,0,0,0,0,0,0,0,0,0,0,0,0,0,0,0,0,0,0,0,0,0,0,0,0,0,0,0,0,0,0,0,0,0,0,0,0,0,0,0,0,0,0,0,0,0,0,0,0,0,0,0,0,0,0,0,0,0,0,0,0,0,0,0,0,0,0,0,0,0,0,0,0,0,0,0,0,0,0,0,0,0,0,0,0,0,0,0,0,0,0,0,0,0,0,0,0.0026573129251701,0.0017715419501134,0.0011810279667423,0.0034446649029982,0.0022964432686655,0.0015309621791103,0.0010206414527402,0.0033377405603302,0.0022251603735535,0.0014834402490357,0.0036462730911938,0.010402787502973,0.017564443369329,0.022338880613566,0.030836464626731,0.039158833560678,0.044707079516642,0.074979039405653,0.071244529671796,0.12455842794446,0.14681446216706,0.17759569586647,0.22203233465928,0.25165676052115,0.27937831653791,0.34834829946065,0.39698560100098,0.50381523059929,0.62818124216823,0.7668954879761,0.95237760422897,1.0414872803703,1.1726411801108,1.3849708207542,1.6221871798225,1.8919385620585,2.2285542794676,2.8887640774682,3.6770119359992,4.3672639097138,4.8832354636187,5.1767275539771,5.3431585053725,5.2521566906565,5.1091121134989,4.5460619872305,3.8252445561129,3.3792446700616,3.0473663446669,2.8128275631113,2.648496436632,2.3343292570744,2.1488002870292,2.0915471301283,2.4493179847114,2.9960801870865,2.7361197845883,2.3263119992493,1.9521289178669,2.0082645166732,2.3061049158774,1.7260724949386,1.1640015612516,0.77600104083441,0.51733402722294,0.34488935148196,0.22992623432131,0.1532841562142,0.10218943747614,0.068126291650757,0.045417527767172,0.030278351844781,0.020185567896521,0.013457045264347,0.0089713635095648,0.0059809090063765,0.0039872726709177,0.0026581817806118,0.0017721211870745,0.0011814141247163,0.00078760941647756,0.00052507294431838,0.00035004862954558,0.00023336575303039,0.00015557716868693,0.00010371811245795,6.9145408305301e-5,4.60969388702e-5,3.0731292580134e-5,2.0487528386756e-5,1.3658352257837e-5,9.1055681718914e-6,6.070378781261e-6,4.0469191875073e-6,2.6979461250049e-6,1.7986307500032e-6,1.1990871666688e-6,7.9939144444589e-7,5.3292762963059e-7,3.5528508642039e-7,2.3685672428026e-7,1.5790448285351e-7,1.0526965523567e-7,7.0179770157115e-8,4.6786513438077e-8,3.1191008958718e-8,2.0794005972479e-8,1.3862670648319e-8,9.2417804322127e-9,6.1611869548084e-9,4.1074579698723e-9,2.7383053132482e-9,1.8255368754988e-9,1.2170245836659e-9,8.1134972244391e-10,5.4089981496261e-10],"red":[0,0,0,0,0,0,0,0,0,0,0,0,0,0,0,0,0,0,0,0,0,0,0,0,0,0,0,0,0,0,0,0,0,0,0,0,0,0,0,0,0,0,0,0,0,0,0,0,0,0,0,0,0,0,0,0,0,0,0,0,0,0,0,0,0,0,0,0,0,0,0,0,0,0,0,0,0,0,0,0,0,0,0,0,0,0,0,0,0,0,0,0,0,0,0,0,0,0,0,0,0,0,0,0,0,0,0,0,0,0,0,0,0,0,0,0,0,0,0,0,0,0,0,0,0,0,0,0,0,0,0,0,0,0,0,0,0,0,0,0,0,0,0,0,0.0026573129251701,0.0044288548752834,0.0029525699168556,0.0019683799445704,0.0013122532963803,0.0035321484560903,0.0023547656373935,0.0015698437582623,0.0037038754306783,0.010441189062629,0.01493273148393,0.01792709309813,0.022580647099434,0.030997642283976,0.033951659481834,0.051864881831427,0.058492404214149,0.10011313342168,0.10925909575051,0.16318803662279,0.19382603802063,0.2195659981362,0.26861372664863,0.30396952524874,0.33285468349916,0.38931383661849,0.49072878223546,0.60882769155833,0.73539193042664,0.85431315769939,1.0106560507112,1.1760028433313,1.3367229839895,1.5103025675577,1.6924551130656,2.0610202454451,2.4316240411811,3.0586889866377,3.7238623856497,4.2178002639025,4.6507273868193,4.9420027816891,5.1042986231669,4.9945961909548,4.754050521861,4.1127131030094,3.3928504020063,2.899655370045,2.5522574915946,2.195765198478,1.9581036697337,1.8315504056728,1.7764120051424,1.8114005204351,1.7656360612424,1.7829580544337,2.0682092811871,2.4656471738526,2.6774595104596,2.6565716464288,2.132442322109,2.0009224324264,1.9610741386244,1.8893342896952,1.4535400366675,0.97168400403686,0.64778933602458,0.43185955734972,0.28790637156648,0.19193758104432,0.12795838736288,0.085305591575253,0.056870394383502,0.037913596255668,0.025275730837112,0.016850487224741,0.011233658149828,0.0074891054332184,0.0049927369554789,0.0033284913036526,0.0022189942024351,0.00147932946829,0.0009862196455267,0.00065747976368446,0.00043831984245631,0.00029221322830421,0.00019480881886947,0.00012987254591298,8.658169727532e-5,5.772113151688e-5,3.8480754344587e-5,2.5653836229725e-5,1.7102557486483e-5,1.1401704990989e-5,7.6011366606591e-6,5.0674244404394e-6,3.3782829602929e-6,2.2521886401953e-6,1.5014590934635e-6,1.0009727289757e-6,6.6731515265046e-7,4.4487676843364e-7,2.9658451228909e-7,1.9772300819273e-7,1.3181533879515e-7,8.7876892530102e-8,5.8584595020068e-8,3.9056396680045e-8,2.6037597786697e-8,1.7358398524465e-8,1.1572265682976e-8,7.7148437886509e-9],"green":[0,0,0,0,0,0,0,0,0,0,0,0,0,0,0,0,0,0,0,0,0,0,0,0,0,0,0,0,0,0,0,0,0,0,0,0,0,0,0,0,0,0,0,0,0,0,0,0,0,0,0,0,0,0,0,0,0,0,0,0,0,0,0,0,0,0,0,0,0,0,0,0,0,0,0,0,0,0,0,0,0,0,0,0,0,0,0,0,0,0,0,0,0,0,0,0,0,0,0,0,0,0,0,0,0,0,0,0,0,0,0,0,0,0,0,0,0,0,0,0,0,0,0,0,0,0,0,0,0,0,0,0,0,0,0,0,0,0,0,0,0,0.0026573129251701,0.0017715419501134,0.0011810279667423,0.0034446649029982,0.0022964432686655,0.0015309621791103,0.0010206414527402,0.0033377405603302,0.0022251603735535,0.0014834402490357,0.0036462730911938,0.010402787502973,0.020221756294499,0.02411042256368,0.034674805518643,0.04968966626413,0.043755695876767,0.077002096570906,0.085879799074481,0.12368602251224,0.15154748439591,0.1940376086449,0.21704973229388,0.24833502561088,0.29310770414875,0.34952928575903,0.42168874152643,0.51496936509925,0.63561733183488,0.82234182666543,0.96808332662049,1.0811882041416,1.1884792109243,1.4885354603441,1.6806010211818,2.0371736399715,2.3652373586205,2.9958300077878,3.828108610634,4.5344278492662,5.0557962872659,5.1961048377691,5.1700647898053,4.9959232952443,4.9940934213193,4.5039279271381,3.8742172575478,3.4411235798618,3.192254155282,3.0050827021608,2.625199692597,2.3187980943844,2.0959291717665,1.9473498900212,2.2761244164767,2.6706900871749,2.6839464526745,2.3818784174292,2.0742072102589,2.1135658612611,1.9537930571672,1.6293781945741,1.0942240684916,0.73214002525288,0.48809335016859,0.32539556677906,0.2169303778527,0.1446202519018,0.096413501267869,0.064275667511912,0.042850445007942,0.028566963338628,0.019044642225752,0.012696428150501,0.0084642854336675,0.0056428569557783,0.0037619046371856,0.0025079364247904,0.0016719576165269,0.0011146384110179,0.00074309227401196,0.00049539484934131,0.0003302632328942,0.00022017548859614,0.00014678365906409,9.7855772709394e-5,6.5237181806263e-5,4.3491454537508e-5,2.8994303025006e-5,1.9329535350004e-5,1.2886356900002e-5,8.5909046000017e-6,5.7272697333344e-6,3.818179822223e-6,2.5454532148153e-6,1.6969688098769e-6,1.1313125399179e-6,7.5420835994528e-7,5.0280557329685e-7,3.3520371553123e-7,2.2346914368749e-7,1.4897942912499e-7,9.9319619416662e-8,6.6213079611108e-8,4.4142053074072e-8,2.9428035382715e-8,1.9618690255143e-8,1.3079126836762e-8,8.7194178911747e-9,5.8129452607831e-9,3.8752968405221e-9,2.5835312270147e-9,1.7223541513432e-9,1.1482361008954e-9,7.6549073393029e-10],