{"luma":[0,0,0,0,0,0,0,0,0,0,0,0,0,0,0,0,0,0,0,0,0,0,0,0,0,0,0,0,0,0,0,0,0,0,0,0,0,0,0,0,0,0,0,0,0,0,0,0,0,0,0,0,0,0,0,0,0,0,0,0,0,0,0,0,0,0,0,0,0,0,0,0,0,0,0,0,0,0,0,0,0,0,0,0,0,0,0,0,0,0,0,0,0,0,0,0,0,0,0,0,0,0,0,0,0,0,0,0,0,0,0,0,0,0,0,0,0,0,0,0,0,0,0,0,0,0,0,0,0,0,0,0,0,0,0,0,0,0,0,0,0.0097401806803516,0.0064934537869011,0.0043289691912674,0.0053210246309328,0.0035473497539552,0.0047999450060581,0.003199963337372,0.0070033992317572,0.0046689328211714,0.0079827122209568,0.01019189848748,0.0067945989916536,0.0093998230012782,0.0062665486675188,0.0066127442817671,0.0068435413579326,0.0069974060753763,0.0070999825536721,0.012038457212712,0.017765818822159,0.021584059895125,0.026564599113856,0.025014868252834,0.026416759515575,0.024916308520647,0.016610872347098,0.025684185918593,0.029298016462835,0.029272191655575,0.026819929947314,0.032490224318736,0.041140510906528,0.042037278291546,0.040200078044803,0.043845368220484,0.058450787521378,0.06088259821171,0.067373895678773,0.071701427323483,0.062411222569516,0.080568204434417,0.092672859011018,0.076392177027873,0.075278569719461,0.084276345527538,0.080534682052571,0.080475284906014,0.082870731978398,0.089337787033496,0.088779066730052,0.090841631697844,0.094651720179793,0.1093670050182,0.092391698039503,0.11273041393151,0.14820496439031,0.23029574877829,0.30450329973098,0.57069402050392,0.95026325013652,1.6075269014595,2.5570621547266,3.2655720571774,3.8815796571798,4.3214719325558,4.6269086753236,5.2250104880563,5.9963069409016,7.4674773279763,8.333810463032,8.3318251359216,8.1624834677785,7.5869304400331,6.6504731679262,5.500198563116,3.9395241011272,2.6920956203438,1.7971654587326,1.2005453509918,0.8003635673279,0.53357571155193,0.35571714103462,0.23714476068975,0.1580965071265,0.10539767141767,0.070265114278444,0.046843409518962,0.031228939679308,0.020819293119539,0.013879528746359,0.0092530191642395,0.0061686794428263,0.0041124529618842,0.0027416353079228,0.0018277568719485,0.001218504581299,0.00081233638753269,0.00054155759168846,0.00036103839445897,0.00024069226297265,0.00016046150864843,0.00010697433909895,7.131622606597e-5,4.7544150710646e-5,3.1696100473764e-5,2.1130733649176e-5,1.4087155766117e-5,9.3914371774116e-6,6.2609581182744e-6,4.1739720788496e-6,2.7826480525664e-6,1.8550987017109e-6,1.2367324678073e-6,8.2448831187153e-7,5.4965887458102e-7,3.6643924972068e-7],"red":[0,0,0,0,0,0,0,0,0,0,0,0,0,0,0,0,0,0,0,0,0,0,0,0,0,0,0,0,0,0,0,0,0,0,0,0,0,0,0,0,0,0,0,0,0,0,0,0,0,0,0,0,0,0,0,0,0,0,0,0,0,0,0,0,0,0,0,0,0,0,0,0,0,0,0,0,0,0,0,0,0,0,0,0,0,0,0,0,0,0,0,0,0,0,0,0,0,0,0,0,0,0,0,0,0,0,0,0,0,0,0,0,0,0,0,0,0,0,0,0,0,0,0,0,0,0,0,0,0,0,0,0,0,0,0,0,0,0,0,0,0,0,0,0,0,0.0097401806803516,0.0064934537869011,0.0043289691912674,0.0053210246309328,0.0035473497539552,0.0023648998359701,0.0064466902308226,0.004297793487215,0.0053002408282313,0.0084035842256633,0.0056023894837756,0.0086050166626928,0.010606768115304,0.0095062239136242,0.0063374826090828,0.0042249884060552,0.0028166589373701,0.0067478629650892,0.011803710820323,0.015174276057146,0.022291409888537,0.029471210946219,0.019647473964146,0.025273541826537,0.019284073054446,0.01772613904314,0.023992651879199,0.028170327103239,0.035825534259441,0.02875377984647,0.028909367244665,0.038753272857147,0.038010741088537,0.037515719909464,0.049360931640522,0.059692784631315,0.054405460774737,0.063055804054125,0.068822699573717,0.067797206246603,0.07441867953879,0.086138130577179,0.079340826915577,0.082114426651439,0.081528447971927,0.088442931029182,0.080877360550246,0.083138782407885,0.074906216299293,0.081593064744005,0.083615918537058,0.080094397392251,0.077746716629047,0.061571325099716,0.087313408298148,0.11177993260737,0.11835076813316,0.15195186719141,0.25957918084999,0.40194703322159,0.64539669017802,0.96597439753802,1.6886173096597,2.4893701683557,3.2520996534746,4.0941871651893,4.8966483115044,5.5631148482326,6.282585976938,7.5657983022039,8.4188381405444,8.5273078289582,8.4023822957902,7.8710502957154,6.9518984828718,5.8302061670944,4.2861515192907,3.0132772370794,2.0332019430871,1.3603380523983,0.90689203493218,0.60459468995479,0.40306312663653,0.26870875109102,0.17913916739401,0.11942611159601,0.079617407730672,0.053078271820448,0.035385514546965,0.02359034303131,0.015726895354207,0.010484596902804,0.0069897312685363,0.0046598208456909,0.0031065472304606,0.0020710314869737,0.0013806876579825,0.00092045843865499,0.00061363895910333,0.00040909263940222,0.00027272842626815,0.00018181895084543,0.00012121263389695,8.0808422597969e-5,5.3872281731979e-5,3.5914854487986e-5,2.3943236325324e-5,1.5962157550216e-5,1.0641438366811e-5,7.0942922445405e-6,4.729528163027e-6],"green":[0,0,0,0,0,0,0,0,0,0,0,0,0,0,0,0,0,0,0,0,0,0,0,0,0,0,0,0,0,0,0,0,0,0,0,0,0,0,0,0,0,0,0,0,0,0,0,0,0,0,0,0,0,0,0,0,0,0,0,0,0,0,0,0,0,0,0,0,0,0,0,0,0,0,0,0,0,0,0,0,0,0,0,0,0,0,0,0,0,0,0,0,0,0,0,0,0,0,0,0,0,0,0,0,0,0,0,0,0,0,0,0,0,0,0,0,0,0,0,0,0,0,0,0,0,0,0,0,0,0,0,0,0,0,0,0,0,0,0,0,0,0,0,0,0,0,0.0048700903401758,0.0032467268934505,0.0070345749358095,0.0095598069640488,0.0063732046426992,0.0042488030951328,0.0028325353967552,0.0018883569311701,0.003693949790868,0.0073327235340878,0.0073235275261464,0.0073173968541855,0.0073133097395449,0.0073105849964512,0.0097438136711433,0.0089309209508501,0.0059539473005667,0.0064043433704657,0.0042695622469771,0.010151510341582,0.016507854241406,0.020745416841289,0.023570458574544,0.027888864900136,0.03076780245053,0.025381958640529,0.024226441270616,0.021021051187253,0.028624305145363,0.031258095947348,0.035449001652093,0.040677983958677,0.041728926992979,0.037559465342338,0.04695505009235,0.067829044279552,0.06226467904365,0.048814921539364,0.049588597216858,0.062279606852293,0.065870189602408,0.085309227626433,0.083658315288589,0.077687616723184,0.073707151012914,0.097839004077034,0.094446544759077,0.12140544725483,0.12476777789813,0.11239906063981,0.10658829430435,0.1246298566115,0.14883279066671,0.2745451126908,0.50202099240872,0.82412474079348,1.1752231025749,1.9474336596853,2.7471409826592,3.5846598442361,4.2744981911388,4.7977015968295,5.4435793780407,6.2442914313682,7.4672172500548,8.2727609484988,8.4055725825602,8.3334006907087,7.8372377848448,6.953707260659,5.7997564317413,4.1781900695988,2.8779917628625,1.9357064914323,1.3026462201386,0.87573594893603,0.58625901112744,0.39083934075163,0.26055956050108,0.17370637366739,0.11580424911159,0.077202832741062,0.051468555160708,0.034312370107139,0.022874913404759,0.015249942269839,0.010166628179893,0.0067777521199286,0.0045185014132857,0.0030123342755238,0.0020082228503492,0.0013388152335661,0.0008925434890441,0.00059502899269607,0.00039668599513071,0.00026445733008714,0.00017630488672476,0.00011753659114984,7.8357727433227e-5,5.2238484955484e-5,3.482565663699e-5,2.321710442466e-5,1.547806961644e-5,1.0318713077627e-5,6.879142051751e-6,4.5860947011674e-6,3.0573964674449e-6,2.0382643116299e-6,1.35884287442e-6,9.0589524961331e-7],