{"luma":[0,0,0,0,0,0,0,0,0,0,0,0,0,0,0,0,0,0,0,0,0,0,0,0,0,0,0,0,0,0,0,0,0,0,0,0,0,0,0,0,0,0,0,0,0,0,0,0,0,0,0,0,0,0,0,0,0,0,0,0,0,0,0,0,0,0,0,0,0,0,0,0,0,0,0,0,0,0,0,0,0,0,0,0,0,0,0,0,0,0,0,0,0,0,0,0,0,0,0,0,0,0,0,0,0,0,0,0,0,0,0,0,0,0,0,0,0,0,0,0,0,0,0,0,0,0,0,0,0,0,0,0,0.0024350451700879,0.0016233634467253,0.0035172874679048,0.0023448583119365,0.0039982840447122,0.0026655226964748,0.0017770151309832,0.0036197219240767,0.0048481931194724,0.0056671739164028,0.0086482062844444,0.010635561196472,0.011960464471157,0.010408688150859,0.0069391254339062,0.021671399813219,0.036363006406271,0.029112094611023,0.034018334094543,0.029984024906626,0.039469711298454,0.043358457056251,0.04108086388794,0.049302649122751,0.040173568258765,0.053567875710143,0.047887142990535,0.063580349204833,0.071607441510943,0.076958836381684,0.080526432962177,0.082904830682506,0.096665655013165,0.10583953790027,0.097345188804481,0.11846778627825,0.12280933724709,0.13787893041008,0.14792532585207,0.15218787764332,0.15746462400757,0.15124227423671,0.15196413139632,0.14757527916255,0.14951946801355,0.17516604561509,0.20930908020673,0.2174608322473,0.21559019809742,0.19242770213337,0.17698603815734,0.20321727305797,0.24018512435243,0.24291495201794,0.26421519848898,0.24675977559187,0.24729805284424,0.28418258189713,0.38425866820512,0.50941714315922,0.7657443335382,1.262925179916,1.9328503561434,2.8104701354005,3.6999306344996,4.5412789079146,5.267760828424,6.0175020323031,6.4272328302626,7.2263564523079,7.9222535600674,8.5322876754456,8.5420647229734,7.7133622613185,6.2063562468741,4.6416251814576,3.2867853560753,2.2398911407853,1.4932607605235,1.0003772640225,0.66691817601502,0.44461211734335,0.2964080782289,0.19760538548593,0.13173692365729,0.087824615771526,0.058549743847684,0.039033162565123,0.026022108376748,0.017348072251166,0.011565381500777,0.0077102543338514,0.0051401695559009,0.0034267797039339,0.0022845198026226,0.0015230132017484,0.0010153421344989,0.00067689475633263,0.00045126317088842,0.00030084211392561,0.00020056140928374,0.00013370760618916,8.9138404126108e-5,5.9425602750739e-5,3.9617068500492e-5,2.6411379000328e-5,1.7607586000219e-5,1.1738390666813e-5,7.825593777875e-6,5.2170625185834e-6,3.4780416790556e-6,2.3186944527037e-6,1.5457963018025e-6,1.0305308678683e-6,6.8702057857888e-7,4.5801371905259e-7,3.0534247936839e-7,2.0356165291226e-7,1.3570776860817e-7,9.0471845738782e-8,6.0314563825855e-8,4.0209709217237e-8,2.6806472811491e-8,1.7870981874327e-8],"red":[0,0,0,0,0,0,0,0,0,0,0,0,0,0,0,0,0,0,0,0,0,0,0,0,0,0,0,0,0,0,0,0,0,0,0,0,0,0,0,0,0,0,0,0,0,0,0,0,0,0,0,0,0,0,0,0,0,0,0,0,0,0,0,0,0,0,0,0,0,0,0,0,0,0,0,0,0,0,0,0,0,0,0,0,0,0,0,0,0,0,0,0,0,0,0,0,0,0,0,0,0,0,0,0,0,0,0,0,0,0,0,0,0,0,0,0,0,0,0,0,0,0,0,0,0,0,0,0,0,0,0,0,0,0,0,0,0,0,0.0024350451700879,0.0040584086168132,0.0027056057445421,0.004238782333116,0.002825854888744,0.0043189484292506,0.0028792989528337,0.0043545778053104,0.0053380970402948,0.0059937765302845,0.011300986530453,0.0099690361903901,0.0066460241269268,0.0093007730914603,0.013505650904571,0.026049083460329,0.027106236320571,0.037551185574417,0.03477430439663,0.037793140618281,0.042240743269469,0.050075902043771,0.045559160546287,0.042547999547964,0.055150829902943,0.051377490955823,0.056167067168006,0.061795163146217,0.082592543322305,0.086717282759346,0.082161973540443,0.081560145897929,0.090899108149938,0.10443021849487,0.11101591355474,0.11784142209808,0.12726185146714,0.15302249907389,0.13854067693391,0.13619126435086,0.14680021514593,0.16117798451957,0.1512828027413,0.15929628590964,0.16463860802187,0.19011556262748,0.21440533454149,0.20381301894652,0.19188138487637,0.19610218801337,0.19891605677138,0.22027233063742,0.22720471103785,0.24643656899199,0.23490735592721,0.2320913042242,0.21803871057175,0.23058572133424,0.25843075653661,0.34517537810065,0.41031026132027,0.64366704006687,1.0037820201853,1.5287589584979,2.5118553282625,3.5325096836187,4.5684625153557,5.517212524543,6.400522183187,7.2791656641901,7.8795382558793,8.4599799929253,8.6789230342199,8.169857910996,7.1486685145554,5.7909330263106,4.3987670001299,3.1784508955988,2.2212391608762,1.5051765589517,1.0034510393011,0.66896735953408,0.44597823968939,0.29731882645959,0.19821255097306,0.13214170064871,0.088094467099138,0.058729644732759,0.039153096488506,0.026102064325671,0.017401376217114,0.011600917478076,0.0077339449853839,0.0051559633235893,0.0034373088823928,0.0022915392549286,0.001527692836619,0.0010184618910794,0.00067897459405291,0.0004526497293686,0.00030176648624574,0.00020117765749716,0.00013411843833144,8.9412292220959e-5,5.9608194813973e-5,3.9738796542648e-5,2.6492531028432e-5,1.7661687352288e-5,1.1774458234859e-5,7.8496388232392e-6,5.2330925488261e-6,3.4887283658841e-6,2.3258189105894e-6,1.5505459403929e-6,1.0336972935953e-6,6.8913152906352e-7,4.5942101937568e-7,3.0628067958379e-7],"green":[0,0,0,0,0,0,0,0,0,0,0,0,0,0,0,0,0,0,0,0,0,0,0,0,0,0,0,0,0,0,0,0,0,0,0,0,0,0,0,0,0,0,0,0,0,0,0,0,0,0,0,0,0,0,0,0,0,0,0,0,0,0,0,0,0,0,0,0,0,0,0,0,0,0,0,0,0,0,0,0,0,0,0,0,0,0,0,0,0,0,0,0,0,0,0,0,0,0,0,0,0,0,0,0,0,0,0,0,0,0,0,0,0,0,0,0,0,0,0,0,0,0,0,0,0,0,0,0,0,0,0,0,0,0,0,0,0,0,0,0,0.0024350451700879,0.0016233634467253,0.0035172874679048,0.0023448583119365,0.0015632388746243,0.0034772044198375,0.0047531814499795,0.0056038328034076,0.0086059788757809,0.0057373192505206,0.006259924670435,0.011478418623887,0.012522369422767,0.015653381792108,0.017740723371669,0.014262194084534,0.024118400410217,0.033124249797427,0.034258059048724,0.030143841542746,0.029836075042183,0.046676213565755,0.045727746731031,0.040225345167706,0.043862212969086,0.058462017353779,0.05358494925638,0.06250879637522,0.075763163298044,0.082164362743172,0.083996783869836,0.082783352784191,0.08684448906727,0.11877245529704,0.12788254026645,0.11934565922553,0.12095954070852,0.14151582305788,0.13817469510017,0.1749079991831,0.18965668789137,0.17026860498916,0.16951844223813,0.14466788203656,0.1451461580928,0.17225050566793,0.20980043207871,0.19830803880125,0.219866985324,0.23423961633916,0.2584316413698,0.29160497424751,0.38190179426177,0.45670994529181,0.67703520788466,1.047942871928,1.6775167396607,2.2749909488989,3.1554460320684,4.1247181792186,5.0947606182737,5.941129281591,6.5053750571359,7.1980947796105,7.8888021739152,8.3517088152885,8.5069053971551,7.9796930860134,6.7077711376257,5.2364516084914,3.870834785528,2.7242241887205,1.8892008142496,1.2959928870511,0.87617048388449,0.58654870109308,0.39103246739539,0.26068831159693,0.17379220773128,0.11586147182086,0.077240981213904,0.051493987475936,0.034329324983957,0.022886216655972,0.015257477770648,0.010171651847098,0.006781101231399,0.004520734154266,0.0030138227695107,0.0020092151796738,0.0013394767864492,0.00089298452429945,0.00059532301619964,0.00039688201079976,0.00026458800719984,0.00017639200479989,0.00011759466986659,7.839644657773e-5,5.2264297718486e-5,3.4842865145658e-5,2.3228576763772e-5,1.5485717842515e-5,1.032381189501e-5,6.8825412633398e-6,4.5883608422265e-6,3.058907228151e-6,2.039271485434e-6,1.3595143236227e-6,9.0634288241512e-7,6.0422858827674e-7,4.0281905885116e-7,2.6854603923411e-7,1.7903069282274e-7,1.1935379521516e-7,7.9569196810106e-8,5.3046131206737e-8],